Date,Close/Last,Volume,Open,High,Low,Column 7
02/24/2020,170.89,68311070,167.77,174.55,163.23,0
02/25/2020,168.07,68073300,174.2,174.55,167.65,1
02/26/2020,170.17,56387150,169.71,174.55,168.21,2
02/27/2020,158.18,93174910,163.32,167.03,157.98,3
02/28/2020,162.01,97073560,152.41,163.71,152,4
03/02/2020,172.79,71030810,165.31,172.92,162.31,5
03/03/2020,164.51,71677020,173.8,175,162.26,6
03/04/2020,170.55,49814380,168.49,170.7,165.62,7
03/05/2020,166.27,47817250,166.05,170.87,165.69,8
03/06/2020,161.57,72821060,162.61,163.11,156,9
03/09/2020,150.62,70419270,151,157.75,150,10
03/10/2020,160.92,65354390,158.16,161.03,152.58,11
03/11/2020,153.63,56504300,157.13,157.7,151.15,12
03/12/2020,139.06,93226370,145.3,153.47,138.58,13
03/13/2020,158.83,92727450,147.5,161.91,140.73,14
03/16/2020,135.42,87905870,140,149.35,135,15
03/17/2020,146.57,81059820,140,147.5,135,16
03/18/2020,140.4,81593170,138,146,135.02,17
03/19/2020,142.71,85922660,142.77,150.15,139,18
03/20/2020,137.35,84866220,146,147.1,135.86,19
03/23/2020,135.98,78975180,137.01,140.57,132.52,20
03/24/2020,148.34,82516730,143.75,149.6,141.27,21
03/25/2020,146.92,75638220,148.91,154.33,144.44,22
03/26/2020,156.11,64694430,148.4,156.66,148.37,23
03/27/2020,149.7,57042290,151.75,154.89,149.2,24
03/30/2020,160.23,63420330,152.44,160.6,150.01,25
03/31/2020,157.71,77927190,159.4,164.78,156.56,26
04/01/2020,152.11,57969930,153,157.75,150.82,27
04/02/2020,155.26,49630740,151.86,155.48,150.36,28
04/03/2020,153.83,41243280,155.1,157.38,152.19,29
04/06/2020,165.27,67111700,160.32,166.5,157.58,30
04/07/2020,163.49,62769040,169.59,170,163.26,31
04/08/2020,165.13,48318230,165.67,166.67,163.5,32
04/09/2020,165.14,51431780,166.36,167.37,163.33,33
04/13/2020,165.51,41905260,164.35,165.57,162.3,34
04/14/2020,173.7,52874340,169,173.75,168,35
04/15/2020,171.88,40940830,171.2,173.57,169.24,36
04/16/2020,177.04,50479610,174.3,177.28,172.9,37
04/17/2020,178.6,52765630,179.5,180,175.87,38
04/20/2020,175.06,36669560,176.63,178.75,174.99,39
04/21/2020,167.82,56203750,173.5,173.67,166.11,40
04/22/2020,173.52,34651600,171.39,174,170.82,41
04/23/2020,171.42,32790800,174.11,175.06,170.91,42
04/24/2020,174.55,34305320,172.06,174.56,170.71,43
04/27/2020,174.05,33194380,176.59,176.9,173.3,44
04/28/2020,169.81,34392690,175.59,175.67,169.39,45
04/29/2020,177.43,51286560,173.22,177.68,171.88,46
04/30/2020,179.21,53875860,180,180.4,176.23,47
05/01/2020,174.57,39370470,175.8,178.64,174.01,48
05/04/2020,178.84,30372860,174.49,179,173.8,49
05/05/2020,180.76,36839170,180.62,183.65,179.9,50
05/06/2020,182.54,32139300,182.08,184.2,181.63,51
05/07/2020,183.6,28315990,184.17,184.55,182.58,52
05/08/2020,184.68,30912640,184.98,185,183.36,53
05/11/2020,186.74,30892660,183.15,187.51,182.85,54
05/12/2020,182.51,32038200,186.8,187.04,182.3,55
05/13/2020,179.75,44711490,182.55,184.05,176.54,56
05/14/2020,180.53,41873910,177.54,180.69,175.68,57
05/15/2020,183.16,46610380,179.06,187.06,177,58
05/18/2020,184.91,35306620,185.75,186.2,183.96,59
05/19/2020,183.63,26799120,185.03,186.6,183.49,60
05/20/2020,185.66,31261330,184.81,185.85,183.94,61
05/21/2020,183.43,29119510,185.4,186.67,183.29,62
05/22/2020,183.51,20826900,183.19,184.46,182.54,63
05/26/2020,181.57,36073610,186.34,186.5,181.1,64
05/27/2020,181.81,39517150,180.2,181.99,176.6,65
05/28/2020,181.4,33831820,180.74,184.15,180.38,66
05/29/2020,183.25,42146720,182.73,184.27,180.41,67
06/01/2020,182.83,22668820,182.54,183,181.46,68
06/02/2020,184.91,30794590,184.25,185,181.35,69
06/03/2020,185.36,27311020,184.82,185.94,183.58,70
06/04/2020,182.92,28761810,184.3,185.84,182.3,71
06/05/2020,187.2,39893640,182.62,187.73,182.01,72
06/08/2020,188.36,33211590,185.94,188.55,184.44,73
06/09/2020,189.8,29783920,188,190.7,187.26,74
06/10/2020,196.84,43872330,191.13,198.52,191.01,75
06/11/2020,186.27,52854670,193.13,195.76,186.07,76
06/12/2020,187.74,43373590,190.54,191.72,185.18,77
06/15/2020,188.94,32770190,184.58,190.82,184.01,78
06/16/2020,193.57,42556660,192.89,195.58,191.46,79
06/17/2020,194.24,25687820,195.03,196.32,193.69,80
06/18/2020,196.32,23061650,194,196.49,194,81
06/19/2020,195.15,44441140,198.59,199.29,194.37,82
06/22/2020,200.57,32818930,195.79,200.76,195.23,83
06/23/2020,201.91,30917450,202.09,203.95,201.43,84
06/24/2020,197.84,36740650,201.6,203.25,196.56,85
06/25/2020,200.34,27803930,197.8,200.61,195.47,86
06/26/2020,196.33,54675780,199.73,199.89,194.88,87
06/29/2020,198.44,26701590,195.78,198.53,193.55,88
06/30/2020,203.51,34310280,197.88,204.4,197.74,89
07/01/2020,204.7,32061210,203.14,206.35,201.77,90
07/02/2020,206.26,29315760,205.68,208.02,205,91
07/06/2020,210.7,31897630,208.83,211.13,208.09,92
07/07/2020,208.25,33600730,210.45,214.67,207.99,93
07/08/2020,212.83,33600030,210.07,213.26,208.69,94
07/09/2020,214.32,33121680,216.33,216.38,211.47,95
07/10/2020,213.67,26177630,213.62,214.08,211.08,96
07/13/2020,207.07,38135610,214.48,215.8,206.5,97
07/14/2020,208.35,37591820,206.13,208.85,202.03,98
07/15/2020,208.04,32179410,209.56,211.33,205.03,99
07/16/2020,203.92,29940650,205.4,205.7,202.31,100
07/17/2020,202.88,31635280,204.47,205.04,201.39,101
07/20/2020,211.6,36884840,205,212.3,203.01,102
07/21/2020,208.75,38105780,213.66,213.94,208.03,103
07/22/2020,211.75,49605690,209.2,212.3,208.39,104
07/23/2020,202.54,67457040,207.19,210.92,202.15,105
07/24/2020,201.3,39826990,200.42,202.86,197.51,106
07/27/2020,203.85,30160870,201.47,203.97,200.86,107
07/28/2020,202.02,23251390,203.61,204.7,201.74,108
07/29/2020,204.06,19632600,202.5,204.65,202.01,109
07/30/2020,203.9,25079600,201,204.46,199.57,110
07/31/2020,205.01,51247970,204.4,205.1,199.01,111
08/03/2020,216.54,78983010,211.52,217.64,210.44,112
08/04/2020,213.29,49280060,214.17,214.77,210.31,113
08/05/2020,212.94,28858620,214.9,215,211.57,114
08/06/2020,216.35,32656840,212.34,216.37,211.55,115
08/07/2020,212.48,27820420,214.85,215.7,210.93,116
08/10/2020,208.25,36716460,211.67,211.88,206.35,117
08/11/2020,203.38,36446460,207.16,207.65,203.14,118
08/12/2020,209.19,28041360,205.29,210.28,204.75,119
08/13/2020,208.7,22588870,209.44,211.35,208.15,120
08/14/2020,208.9,17958940,208.76,209.59,207.51,121
08/17/2020,210.28,20184760,209.6,211.19,208.92,122
08/18/2020,211.49,21336170,210.53,212.36,209.21,123
08/19/2020,209.7,27627560,211.49,212.1,209.25,124
08/20/2020,214.58,26981480,209.54,215,208.91,125
08/21/2020,213.02,36249320,213.86,216.25,212.85,126
08/24/2020,213.69,25460150,214.79,215.52,212.43,127
08/25/2020,216.47,23043700,213.1,216.61,213.1,128
08/26/2020,221.15,39600830,217.88,222.09,217.36,129
08/27/2020,226.58,57602200,222.89,231.15,219.4,130
08/28/2020,228.91,26292900,228.18,230.64,226.58,131
08/31/2020,225.53,28774160,227,228.7,224.31,132
09/01/2020,227.27,25791240,225.51,227.45,224.43,133
09/02/2020,231.65,34080840,227.97,232.86,227.35,134
09/03/2020,217.3,58400290,229.27,229.31,214.96,135
09/04/2020,214.25,59664070,215.1,218.36,205.19,136
09/08/2020,202.66,52924330,206.5,210.03,202.2,137
09/09/2020,211.29,45678990,207.6,214.84,206.7,138
09/10/2020,205.37,35461510,213.4,214.74,204.11,139
09/11/2020,204.03,33620070,207.2,208.63,201.24,140
09/14/2020,205.41,30375770,204.24,209.2,204.03,141
09/15/2020,208.78,21823940,208.42,209.78,206.93,142
09/16/2020,205.05,26372460,210.62,210.65,204.64,143
09/17/2020,202.91,34011260,200.05,204.33,199.96,144
09/18/2020,200.39,55225330,202.8,203.65,196.25,145
09/21/2020,202.54,39839660,197.19,202.71,196.38,146
09/22/2020,207.42,33517070,205.06,208.1,202.08,147
09/23/2020,200.59,30803780,207.9,208.1,200.03,148
09/24/2020,203.19,31202490,199.85,205.57,199.2,149
09/25/2020,207.82,29437310,203.55,209.04,202.54,150
09/28/2020,209.44,32004940,210.88,212.57,208.06,151
09/29/2020,207.26,24464470,209.35,210.07,206.81,152
09/30/2020,210.33,33829090,207.73,211.98,206.54,153
10/01/2020,212.46,27158420,213.49,213.99,211.32,154
10/02/2020,206.19,33154780,208,210.99,205.54,155
10/05/2020,210.38,21331560,207.22,210.41,206.98,156
10/06/2020,205.91,28554260,208.82,210.18,204.82,157
10/07/2020,209.83,25681050,207.06,210.11,206.72,158
10/08/2020,210.58,19925840,210.51,211.19,208.32,159
10/09/2020,215.81,26458050,211.23,215.86,211.23,160
10/12/2020,221.4,40461370,218.79,223.86,216.81,161
10/13/2020,222.86,28950840,222.72,225.21,220.43,162
10/14/2020,220.86,23451710,223,224.22,219.13,163
10/15/2020,219.66,22733060,217.1,220.36,216.01,164
10/16/2020,219.66,26057880,220.15,222.29,219.32,165
10/19/2020,214.22,27625840,220.42,222.3,213.72,166
10/20/2020,214.65,22753510,215.8,217.37,213.09,167
10/21/2020,214.8,22724910,213.12,216.92,213.12,168
10/22/2020,214.89,22351450,213.93,216.06,211.7,169
10/23/2020,216.23,18879610,215.03,216.28,213.16,170
10/26/2020,210.08,37111560,213.85,216.34,208.1,171
10/27/2020,213.25,36700330,211.59,214.67,210.33,172
10/28/2020,202.68,51195590,207.67,208.84,202.1,173
10/29/2020,204.72,31432560,204.07,207.36,203.37,174
10/30/2020,202.47,36980110,203.5,204.29,199.62,175
11/02/2020,202.33,30842160,204.29,205.28,200.12,176
11/03/2020,206.43,27512030,203.89,208.12,203.12,177
11/04/2020,216.39,42311780,214.02,218.32,212.42,178
11/05/2020,223.29,36080140,222.04,224.12,221.15,179
11/06/2020,223.72,25231900,222.26,224.36,218.03,180
11/09/2020,218.39,44394950,224.44,228.12,217.88,181
11/10/2020,211.01,44045120,214.5,216.5,209.72,182
11/11/2020,216.55,29440790,212.39,218.04,212.2,183
11/12/2020,215.44,21616120,217.21,219.11,214.46,184
11/13/2020,216.51,18630310,216.36,217.42,214.16,185
11/16/2020,217.23,24953340,214.87,217.74,214.52,186
11/17/2020,214.46,24154110,216.1,217.68,214.08,187
11/18/2020,211.08,28372790,213.65,215.17,210.93,188
11/19/2020,212.42,24792750,211.38,213.03,209.93,189
11/20/2020,210.39,22843120,212.2,213.29,210,190
11/23/2020,210.11,25683510,210.95,212.29,208.16,191
11/24/2020,213.86,33979730,209.59,214.25,208.86,192
11/25/2020,213.87,21012890,215.11,215.29,212.46,193
11/27/2020,215.23,14512210,214.85,216.27,214.04,194
11/30/2020,214.07,33064750,214.1,214.76,210.84,195
12/01/2020,216.21,30931320,214.51,217.32,213.35,196
12/02/2020,215.37,23724510,214.88,215.47,212.8,197
12/03/2020,214.24,25120920,214.61,216.38,213.65,198
12/04/2020,214.36,24666040,214.22,215.38,213.18,199
12/07/2020,214.29,24620000,214.37,215.54,212.99,200
12/08/2020,216.01,23284090,213.97,216.95,212.89,201
12/09/2020,211.8,32440600,215.16,215.23,211.21,202
12/10/2020,210.52,26467020,211.77,213.08,210.36,203
12/11/2020,213.26,30979440,210.05,213.32,209.11,204
12/14/2020,214.2,28798380,213.1,216.21,212.88,205
12/15/2020,214.13,27018110,215.17,215.42,212.24,206
12/16/2020,219.28,35023250,214.75,220.11,214.72,207
12/17/2020,219.42,32515780,219.87,220.89,217.92,208
12/18/2020,218.59,63354920,218.59,219.69,216.02,209
12/21/2020,222.59,37181890,217.55,224,217.28,210
12/22/2020,223.94,22643400,222.69,225.63,221.85,211
12/23/2020,221.02,18699640,223.11,223.56,220.8,212
12/24/2020,222.75,10550570,221.42,223.61,221.2,213
12/28/2020,224.96,17933500,224.45,226.03,223.02,214
12/29/2020,224.15,17403210,226.31,227.18,223.58,215
12/30/2020,221.68,20272340,225.23,225.63,221.47,216
12/31/2020,222.42,20942130,221.7,223,219.68,217
01/04/2021,217.69,37130140,222.53,223,214.81,218
01/05/2021,217.9,23822950,217.26,218.52,215.7,219
01/06/2021,212.25,35930650,212.17,216.49,211.94,220
01/07/2021,218.29,27694480,214.04,219.34,213.71,221
01/08/2021,219.62,22956210,218.68,220.58,217.03,222
01/11/2021,217.49,23047030,218.47,218.91,216.73,223
01/12/2021,214.93,23249340,216.5,217.1,213.32,224
01/13/2021,216.34,20087080,214.02,216.76,213.93,225
01/14/2021,213.02,29346740,215.91,217.46,212.74,226
01/15/2021,212.65,31746510,213.52,214.51,212.03,227
01/19/2021,216.44,30480860,213.75,216.98,212.63,228
01/20/2021,224.34,37777260,217.7,225.79,217.29,229
01/21/2021,224.97,30749550,224.7,226.3,222.42,230
01/22/2021,225.95,30172660,227.08,230.07,225.8,231
01/25/2021,229.53,33152100,229.12,229.78,224.22,232
01/26/2021,232.33,49169600,231.86,234.18,230.08,233
01/27/2021,232.9,69870640,238,240.44,230.14,234
01/28/2021,238.93,49111160,235.61,242.64,235.09,235
01/29/2021,231.96,42503140,235.99,238.02,231.35,236
02/01/2021,239.65,33314190,235.06,242.5,232.43,237
02/02/2021,239.51,25916340,241.3,242.31,238.69,238
02/03/2021,243,27158100,239.57,245.09,239.26,239
02/04/2021,242.01,25296100,242.66,243.24,240.37,240
02/05/2021,242.2,18054750,242.23,243.28,240.42,241
02/08/2021,242.47,22211930,243.15,243.68,240.81,242
02/09/2021,243.77,23564950,241.87,244.76,241.38,243
02/10/2021,242.82,22186710,245,245.92,240.89,244
02/11/2021,244.49,15751060,244.78,245.15,242.15,245
02/12/2021,244.99,16561080,243.93,245.3,242.73,246
02/16/2021,243.7,26728490,245.03,246.13,242.92,247
02/17/2021,244.2,21673110,241.32,244.31,240.94,248
02/18/2021,243.79,16925560,241.8,243.93,240.86,249
02/19/2021,240.97,25262600,243.75,243.86,240.18,250
02/22/2021,234.51,36446940,237.42,237.93,232.4,251
02/23/2021,233.27,30228700,230.33,234.83,228.73,252
02/24/2021,234.55,26339750,230.01,235.2,229,253
02/25/2021,228.99,39542240,232.08,234.59,227.88,254
02/26/2021,232.38,37819230,231.53,235.37,229.54,255
03/01/2021,236.94,25332840,235.9,237.47,233.15,256
03/02/2021,233.87,22812460,237.01,237.3,233.45,257
03/03/2021,227.56,34029530,232.16,233.58,227.26,258
03/04/2021,226.73,44727790,226.74,232.49,224.26,259
03/05/2021,231.6,41872770,229.52,233.27,226.46,260
03/08/2021,227.39,35267440,231.37,233.37,227.13,261
03/09/2021,233.78,33080530,232.88,235.38,231.67,262
03/10/2021,232.42,29746810,237,237,232.04,263
03/11/2021,237.13,29907590,234.96,239.17,234.31,264
03/12/2021,235.75,22653660,234.01,235.82,233.23,265
03/15/2021,234.81,26042670,234.96,235.19,231.81,266
03/16/2021,237.71,28092200,236.28,240.06,235.94,267
03/17/2021,237.04,29562100,236.15,238.55,233.23,268
03/18/2021,230.72,34852250,232.56,234.19,230.33,269
03/19/2021,230.35,46430730,231.02,232.47,229.35,270
03/22/2021,235.99,30127010,230.27,236.9,230.14,271
03/23/2021,237.58,31638380,237.49,241.05,237.07,272
03/24/2021,235.46,25620130,237.85,238,235.32,273
03/25/2021,232.34,34061850,235.3,236.94,231.57,274
03/26/2021,236.48,25479850,231.55,236.71,231.55,275
03/29/2021,235.24,25227460,236.59,236.8,231.88,276
03/30/2021,231.85,24792010,233.53,233.85,231.1,277
03/31/2021,235.77,43623470,232.91,239.1,232.39,278
04/01/2021,242.35,30337980,238.47,242.84,238.05,279
04/05/2021,249.07,36910610,242.76,249.96,242.7,280
04/06/2021,247.86,22931920,247.61,249.4,246.88,281
04/07/2021,249.9,22719840,247.81,250.93,247.19,282
04/08/2021,253.25,23625200,252.77,254.14,252,283
04/09/2021,255.85,24326830,252.87,255.99,252.44,284
04/12/2021,255.91,27148670,254.71,257.67,254.62,285
04/13/2021,258.49,23837470,257.26,259.19,256.83,286
04/14/2021,255.59,23070940,257.48,258.83,255.16,287
04/15/2021,259.5,25627480,257.93,259.93,257.73,288
04/16/2021,260.74,24878580,259.47,261,257.6,289
04/19/2021,258.74,23209260,260.19,261.48,257.82,290
04/20/2021,258.26,19722880,257.82,260.2,256.84,291
04/21/2021,260.58,24030380,258.94,260.68,257.25,292
04/22/2021,257.17,25606150,260.21,261.78,255.64,293
04/23/2021,261.15,21499290,257.88,261.51,257.27,294
04/26/2021,261.55,19763350,261.66,262.44,260.17,295
04/27/2021,261.97,31014210,261.59,263.19,260.12,296
04/28/2021,254.56,46903120,256.08,256.54,252.95,297
04/29/2021,252.51,40589020,255.46,256.1,249,298
04/30/2021,252.18,30945100,249.74,253.08,249.6,299
05/03/2021,251.86,19626570,253.4,254.35,251.12,300
05/04/2021,247.79,32756050,250.97,251.21,245.76,301
05/05/2021,246.47,21901330,249.06,249.5,245.82,302
05/06/2021,249.73,26491090,246.45,249.86,244.69,303
05/07/2021,252.46,27032910,252.15,254.3,251.17,304
05/10/2021,247.18,29299890,250.87,251.73,247.12,305
05/11/2021,246.23,33641590,244.55,246.6,242.57,306
05/12/2021,239,36684370,242.17,244.38,238.07,307
05/13/2021,243.03,29624300,241.8,245.6,241.42,308
05/14/2021,248.15,23901080,245.58,249.18,245.49,309
05/17/2021,245.18,24938180,246.55,246.59,243.52,310
05/18/2021,243.08,20167980,246.27,246.41,242.9,311
05/19/2021,243.12,25739810,239.31,243.23,238.6,312
05/20/2021,246.48,21800720,243.96,247.95,243.86,313
05/21/2021,245.17,21863060,247.57,248.33,244.74,314
05/24/2021,250.78,21411550,247.79,251.16,247.51,315
05/25/2021,251.72,17704300,251.77,252.75,250.82,316
05/26/2021,251.49,17771600,251.43,252.94,250.75,317
05/27/2021,249.31,24426240,251.17,251.48,249.25,318
05/28/2021,249.68,18274940,251,252.08,249.56,319
06/01/2021,247.4,23213310,251.23,251.29,246.96,320
06/02/2021,247.3,19406710,248.13,249.27,245.84,321
06/03/2021,245.71,25307710,245.22,246.34,243,322
06/04/2021,250.79,25281090,247.76,251.65,247.51,323
06/07/2021,253.81,23079170,249.98,254.09,249.81,324
06/08/2021,252.57,22455000,255.16,256.01,252.51,325
06/09/2021,253.59,17937630,253.81,255.53,253.21,326
06/10/2021,257.24,24563620,254.29,257.46,253.67,327
06/11/2021,257.89,18999730,257.99,258.49,256.61,328
06/14/2021,259.89,19150510,257.9,259.95,256.8,329
06/15/2021,258.36,18038930,259.78,259.99,257.68,330
06/16/2021,257.38,27219960,259.4,260.58,254.42,331
06/17/2021,260.9,27565540,256.07,261.75,256.01,332
06/18/2021,259.43,37202220,259.63,262.3,258.75,333
06/21/2021,262.63,26696120,259.82,263.52,257.92,334
06/22/2021,265.51,24694090,262.72,265.79,262.4,335
06/23/2021,265.28,19518680,265.99,266.83,264.43,336
06/24/2021,266.69,21446870,266.16,267.85,265.47,337
06/25/2021,265.02,25611110,266.23,267.25,264.76,338
06/28/2021,268.72,19590020,266.19,268.9,265.91,339
06/29/2021,271.4,19937810,268.87,271.65,267.98,340
06/30/2021,270.9,21656460,270.69,271.36,269.6,341
07/01/2021,271.6,16725320,269.61,271.84,269.6,342
07/02/2021,277.65,26474410,272.82,278,272.5,343
07/06/2021,277.66,31565560,278.03,279.37,274.3,344
07/07/2021,279.93,23260030,279.4,280.69,277.15,345
07/08/2021,277.42,24618590,276.9,278.73,274.87,346
07/09/2021,277.94,23916670,275.72,278.05,275.32,347
07/12/2021,277.32,18931700,279.16,279.77,276.58,348
07/13/2021,280.98,26120130,277.52,282.85,277.39,349
07/14/2021,282.51,23113660,282.35,283.66,280.55,350
07/15/2021,281.03,22604230,282,282.51,279.83,351
07/16/2021,280.75,26186850,282.07,284.1,279.46,352
07/19/2021,277.01,32935630,278.93,280.37,274.45,353
07/20/2021,279.32,26259740,278.03,280.97,276.26,354
07/21/2021,281.4,24364320,278.91,281.52,277.29,355
07/22/2021,286.14,23384060,283.84,286.42,283.42,356
07/23/2021,289.67,22768070,287.37,289.99,286.5,357
07/26/2021,289.05,23176070,289,289.69,286.64,358
07/27/2021,286.54,33604070,289.43,289.58,282.95,359
07/28/2021,286.22,33566850,288.99,290.15,283.83,360
07/29/2021,286.5,18168290,286.24,288.62,286.08,361
07/30/2021,284.91,20944850,285.17,286.66,283.91,362
08/02/2021,284.82,16267360,286.36,286.78,283.74,363
08/03/2021,287.12,17879050,285.42,287.23,284,364
08/04/2021,286.51,16191300,286.22,287.59,284.65,365
08/05/2021,289.52,13900170,286.88,289.63,286.1,366
08/06/2021,289.46,16589340,288.51,289.5,287.62,367
08/09/2021,288.33,16117630,289.75,291.55,287.81,368
08/10/2021,286.44,18616580,288.8,289.25,285.2,369
08/11/2021,286.95,13955930,287.21,288.66,285.86,370
08/12/2021,289.81,14570390,286.63,289.97,286.34,371
08/13/2021,292.85,18249050,289.48,292.9,289.3,372
08/16/2021,294.6,22516030,293.19,294.82,290.02,373
08/17/2021,293.08,20075250,292.39,293.43,291.08,374
08/18/2021,290.73,21812990,292.04,294.82,290.27,375
08/19/2021,296.77,29850460,288.69,297.47,288.64,376
08/20/2021,304.36,40817650,299.72,305.84,298.06,377
08/23/2021,304.65,22830160,303.25,305.4,301.85,378
08/24/2021,302.62,18175770,305.02,305.65,302,379
08/25/2021,302.01,20006060,304.3,304.59,300.42,380
08/26/2021,299.09,17666080,300.99,302.43,298.95,381
08/27/2021,299.72,22605730,298.99,300.87,296.83,382
08/30/2021,303.59,16348070,301.12,304.22,301.06,383
08/31/2021,301.88,26285340,304.42,304.5,301.5,384
09/01/2021,301.83,18983830,302.87,305.19,301.49,385
09/02/2021,301.15,16290550,302.2,303.36,300.18,386
09/03/2021,301.14,14751610,300.99,302.6,300.26,387
09/07/2021,300.18,17184080,301.01,301.09,298.2,388
09/08/2021,300.21,15046820,299.78,300.61,297.47,389
09/09/2021,297.25,19927000,300.82,302.14,297,390
09/10/2021,295.71,19633360,298.42,299.92,295.38,391
09/13/2021,296.99,23652950,297.55,298.54,294.08,392
09/14/2021,299.79,21853430,299.56,301.39,298.1,393
09/15/2021,304.82,28356300,303.26,305.32,301.82,394
09/16/2021,305.22,19550820,303.76,305.31,300.76,395
09/17/2021,299.87,41372460,304.17,304.5,299.53,396
09/20/2021,294.3,38278660,296.33,298.72,289.52,397
09/21/2021,294.8,22364100,295.69,297.54,294.07,398
09/22/2021,298.58,26626340,296.73,300.22,294.51,399
09/23/2021,299.56,18604600,298.85,300.9,297.53,400
09/24/2021,299.35,14998980,298.23,299.8,296.93,401
09/27/2021,294.17,23571740,296.14,296.47,292.94,402
09/28/2021,283.52,43186240,289.8,290.78,282.75,403
09/29/2021,284,26353700,285.1,286.77,283.01,404
09/30/2021,281.92,32343640,285.71,287.83,281.62,405
10/01/2021,289.1,30086280,282.12,289.98,281.29,406
10/04/2021,283.11,31350750,287.4,287.75,280.25,407
10/05/2021,288.76,24993020,284.05,290.4,284.05,408
10/06/2021,293.11,28002560,285.78,293.63,285.51,409
10/07/2021,294.85,20430470,295.18,296.64,293.92,410
10/08/2021,294.85,17685700,296.22,296.64,293.76,411
10/11/2021,294.23,19298630,292.92,297.97,292.75,412
10/12/2021,292.88,17974140,295.34,295.44,292.35,413
10/13/2021,296.31,23424030,294.91,297.28,293.49,414
10/14/2021,302.75,27262900,299.21,303.27,297.83,415
10/15/2021,304.21,25384800,302.34,304.45,300.52,416
10/18/2021,307.29,22729300,303.57,308.21,302.69,417
10/19/2021,308.23,17682140,308.35,309.3,307.22,418
10/20/2021,307.41,16537070,309.21,309.7,306.11,419
10/21/2021,310.76,16918100,307.17,311.02,306.36,420
10/22/2021,309.16,17449330,310.4,311.09,307.8,421
10/25/2021,308.13,17554470,309.36,309.4,306.46,422
10/26/2021,310.11,28107350,311,312.4,308.6,423
10/27/2021,323.17,52588690,316,326.1,316,424
10/28/2021,324.35,26297940,324.33,324.87,321.36,425
10/29/2021,331.62,34765980,324.13,332,323.9,426
11/01/2021,329.37,27073180,331.36,331.49,326.37,427
11/02/2021,333.13,26487110,330.31,333.45,330,428
11/03/2021,334,21500080,333.9,334.9,330.65,429
11/04/2021,336.44,23992200,332.89,336.54,329.51,430
11/05/2021,336.06,22570100,338.51,338.79,334.42,431
11/08/2021,336.99,20897000,337.3,337.65,334.44,432
11/09/2021,335.95,21307370,337.11,338.72,334.53,433
11/10/2021,330.8,25500940,334.57,334.63,329.92,434
11/11/2021,332.43,16849840,331.25,333.77,330.51,435
11/12/2021,336.72,23831050,333.92,337.23,333.79,436
11/15/2021,336.07,16723010,337.54,337.88,334.03,437
11/16/2021,339.51,20886830,335.68,340.67,335.51,438
11/17/2021,339.12,19053380,338.94,342.19,338,439
11/18/2021,341.27,22463530,338.18,342.45,337.12,440
11/19/2021,343.11,21963400,342.64,345.1,342.2,441
11/22/2021,339.83,31031110,344.62,349.67,339.55,442
11/23/2021,337.68,30427560,337.05,339.45,333.56,443
11/24/2021,337.91,21661310,336.28,338.16,333.91,444
11/26/2021,329.68,24217240,334.35,337.93,328.12,445
11/29/2021,336.63,28563480,334.94,339.03,334.74,446
11/30/2021,330.59,42885610,335.32,337.78,328.99,447
12/01/2021,330.08,33401150,335.13,339.28,329.39,448
12/02/2021,329.49,30765980,330.3,333.49,327.8,449
12/03/2021,323.01,41779280,331.99,332.7,318.03,450
12/06/2021,326.19,30032560,323.95,327.45,319.23,451
12/07/2021,334.92,31021940,331.64,335.8,330.1,452
12/08/2021,334.97,24760990,335.31,335.5,330.8,453
12/09/2021,333.1,22214160,334.41,336.49,332.12,454
12/10/2021,342.54,38095690,334.98,343,334.79,455
12/13/2021,339.4,28899430,340.68,343.79,339.08,456
12/14/2021,328.34,44438700,333.22,334.64,324.11,457
12/15/2021,334.65,35381120,328.61,335.19,324.5,458
12/16/2021,324.9,35034830,335.71,336.76,323.02,459
12/17/2021,323.8,47983710,320.88,324.92,317.25,460
12/20/2021,319.91,28326530,320.05,322.8,317.57,461
12/21/2021,327.29,24740600,323.29,327.73,319.8,462
12/22/2021,333.2,24831490,328.3,333.61,325.75,463
12/23/2021,334.69,19617850,332.75,336.39,332.73,464
12/27/2021,342.45,19947030,335.46,342.48,335.43,465
12/28/2021,341.25,15661470,343.15,343.81,340.32,466
12/29/2021,341.95,15041960,341.3,344.3,339.68,467
12/30/2021,339.32,15994470,341.91,343.13,338.82,468
12/31/2021,336.32,18000800,338.51,339.36,335.85,469
01/03/2022,334.75,28918010,335.35,338,329.78,470
01/04/2022,329.01,32674310,334.83,335.2,326.12,471
01/05/2022,316.38,40054330,325.86,326.07,315.98,472
01/06/2022,313.88,39646150,313.15,318.7,311.49,473
01/07/2022,314.04,32720020,314.15,316.5,310.09,474
01/10/2022,314.27,44289470,309.49,314.72,304.69,475
01/11/2022,314.98,29386770,313.38,316.61,309.89,476
01/12/2022,318.27,34372220,319.67,323.41,317.08,477
01/13/2022,304.8,45365980,320.47,320.88,304,478
01/14/2022,310.2,39846410,304.25,310.82,303.75,479
01/18/2022,302.65,42434110,304.07,309.8,301.74,480
01/19/2022,303.33,45933860,306.29,313.91,302.7,481
01/20/2022,301.6,35380680,309.07,311.65,301.14,482
01/21/2022,296.03,57984400,302.69,304.11,295.61,483
01/24/2022,296.37,86035390,292.2,297.11,276.05,484
01/25/2022,288.49,72848640,291.52,294.99,285.17,485
01/26/2022,296.71,90428850,307.99,308.5,293.03,486
01/27/2022,299.84,53481320,302.66,307.3,297.93,487
01/28/2022,308.26,49743700,300.23,308.48,294.45,488
01/31/2022,310.98,46444540,308.95,312.38,306.37,489
02/01/2022,308.76,40950400,310.41,310.63,305.13,490
02/02/2022,313.46,36635990,309.63,315.12,308.88,491
02/03/2022,301.25,43729970,309.49,311.23,299.96,492
02/04/2022,305.94,35096490,300.21,308.8,299.97,493
02/07/2022,300.95,28533290,306.17,307.84,299.9,494
02/08/2022,304.56,32421190,301.25,305.56,299.95,495
02/09/2022,311.21,31284670,309.87,311.93,307.39,496
02/10/2022,302.38,45386200,304.04,309.12,300.7,497
02/11/2022,295.04,39175620,303.19,304.29,294.22,498
02/14/2022,295,36359490,293.77,296.76,291.35,499
02/15/2022,300.47,27379490,300.01,300.8,297.02,500
02/16/2022,299.5,29982120,298.37,300.87,293.68,501
02/17/2022,290.73,32461580,296.36,296.8,290,502
02/18/2022,287.93,34264010,293.05,293.86,286.31,503
02/22/2022,287.72,41736120,285,291.54,284.5,504
02/23/2022,280.27,37811170,290.18,291.7,280.1,505
02/24/2022,294.59,56989690,272.51,295.16,271.52,506
02/25/2022,297.31,32546720,295.14,297.63,291.66,507
02/28/2022,298.79,34627460,294.31,299.14,293,508
03/01/2022,294.95,31217780,296.4,299.97,292.15,509
03/02/2022,300.19,31873010,295.36,301.47,293.7,510
03/03/2022,295.92,27314470,302.89,303.13,294.05,511
03/04/2022,289.86,32369660,294.29,295.66,287.17,512
03/07/2022,278.91,43157180,288.53,289.69,278.53,513
03/08/2022,275.85,48159480,277.8,283.96,270,514
03/09/2022,288.5,35204480,283.44,289.6,280.78,515
03/10/2022,285.59,30628010,283.02,286.6,280.58,516
03/11/2022,280.07,27209330,287.96,289.51,279.43,517
03/14/2022,276.44,30660750,280.34,285.4,275.82,518
03/15/2022,287.15,34245090,280.35,287.82,278.73,519
03/16/2022,294.39,37826330,289.11,294.57,283.2,520
03/17/2022,295.22,30816630,293.29,295.61,289.37,521
03/18/2022,300.43,43390630,295.37,301,292.73,522
03/21/2022,299.16,28351250,298.89,300.14,294.9,523
03/22/2022,304.06,27599690,299.8,305,298.77,524
03/23/2022,299.49,25715380,300.51,303.23,297.72,525
03/24/2022,304.1,24484460,299.14,304.2,298.32,526
03/25/2022,303.68,22566450,305.23,305.5,299.29,527
03/28/2022,310.7,29578190,304.33,310.8,304.33,528
03/29/2022,315.41,30393400,313.91,315.82,309.05,529
03/30/2022,313.86,28163560,313.76,315.95,311.58,530
03/31/2022,308.31,33422070,313.9,315.14,307.89,531
04/01/2022,309.42,27110530,309.37,310.13,305.54,532
04/04/2022,314.97,24335870,310.09,315.11,309.71,533
04/05/2022,310.88,23156720,313.27,314.87,309.87,534
04/06/2022,299.5,40110370,305.19,307,296.71,535
04/07/2022,301.37,31411160,296.66,303.65,296.35,536
04/08/2022,296.97,24361920,300.44,301.12,296.28,537
04/11/2022,285.26,34569260,291.79,292.61,285,538
04/12/2022,282.06,30966720,289.24,290.74,280.49,539
04/13/2022,287.62,21907180,282.73,288.58,281.3,540
04/14/2022,279.83,28221610,288.09,288.31,279.32,541
04/18/2022,280.52,20778000,278.91,282.46,278.34,542
04/19/2022,285.3,22297720,279.38,286.17,278.41,543
04/20/2022,286.36,22906670,289.4,289.7,285.37,544
04/21/2022,280.81,29454590,288.58,293.3,280.06,545
04/22/2022,274.03,29405800,281.68,283.2,273.38,546
04/25/2022,280.72,35678850,273.29,281.11,270.77,547
04/26/2022,270.22,46518450,277.5,278.36,270,548
04/27/2022,283.22,63477690,282.1,290.97,279.16,549
04/28/2022,289.63,33646570,285.19,290.98,281.46,550
04/29/2022,277.52,37073920,288.61,289.88,276.5,551
05/02/2022,284.47,35151110,277.71,284.94,276.22,552
05/03/2022,281.78,25978610,283.96,284.13,280.15,553
05/04/2022,289.98,33599320,282.59,290.88,276.73,554
05/05/2022,277.35,43260390,285.54,286.35,274.34,555
05/06/2022,274.73,37780320,274.81,279.25,271.27,556
05/09/2022,264.58,47725950,270.06,272.36,263.32,557
05/10/2022,269.5,39336420,271.69,273.75,265.07,558
05/11/2022,260.55,48975900,265.68,271.36,259.3,559
05/12/2022,255.35,51033800,257.69,259.88,250.02,560
05/13/2022,261.12,34925090,257.35,263.04,255.35,561
05/16/2022,261.5,32550930,259.96,265.82,255.78,562
05/17/2022,266.82,28828800,266.11,268.33,262.46,563
05/18/2022,254.08,31355990,263,263.6,252.77,564
05/19/2022,253.14,32692290,253.9,257.67,251.88,565
05/20/2022,252.56,39199280,257.24,258.54,246.44,566
05/23/2022,260.65,33175380,255.49,261.5,253.43,567
05/24/2022,259.62,29043900,257.89,261.33,253.5,568
05/25/2022,262.52,28547950,258.14,264.58,257.13,569
05/26/2022,265.9,25002110,262.27,267.11,261.43,570
05/27/2022,273.24,26910810,268.48,273.34,267.56,571
05/31/2022,271.87,37827700,272.53,274.77,268.93,572
06/01/2022,272.42,25292170,275.2,277.69,270.04,573
06/02/2022,274.58,44008210,264.45,274.65,261.6,574
06/03/2022,270.02,28058960,270.31,273.45,268.41,575
06/06/2022,268.75,22400340,272.06,274.18,267.22,576
06/07/2022,272.5,22860680,266.64,273.13,265.94,577
06/08/2022,270.41,17372340,271.71,273,269.61,578
06/09/2022,264.79,26439730,267.78,272.71,264.63,579
06/10/2022,252.99,31445840,260.58,260.58,252.53,580
06/13/2022,242.26,46135790,245.11,249.02,241.53,581
06/14/2022,244.49,28651490,243.86,245.74,241.51,582
06/15/2022,251.76,33111730,248.31,255.3,246.42,583
06/16/2022,244.97,33169160,245.98,247.42,243.02,584
06/17/2022,247.65,43084780,244.7,250.5,244.03,585
06/21/2022,253.74,29928300,250.26,254.75,249.51,586
06/22/2022,253.13,25961220,251.89,257.17,250.37,587
06/23/2022,258.86,25861450,255.57,259.37,253.63,588
06/24/2022,267.7,33923230,261.81,267.98,261.72,589
06/27/2022,264.89,24615110,268.21,268.3,263.28,590
06/28/2022,256.48,27380250,263.98,266.91,256.32,591
06/29/2022,260.26,20069840,257.59,261.97,255.76,592
06/30/2022,256.83,31730870,257.05,259.53,252.9,593
07/01/2022,259.58,22837690,256.39,259.77,254.61,594
07/05/2022,262.85,22971630,256.16,262.98,254.74,595
07/06/2022,266.21,23824420,263.75,267.99,262.4,596
07/07/2022,268.4,20859870,265.12,269.06,265.02,597
07/08/2022,267.66,19658750,264.79,268.1,263.29,598
07/11/2022,264.51,19519110,265.65,266.53,262.18,599
07/12/2022,253.67,35868450,265.88,265.94,252.04,600
07/13/2022,252.72,29497420,250.19,253.55,248.11,601
07/14/2022,254.08,25102820,250.57,255.14,245.94,602
07/15/2022,256.72,29774050,255.72,260.37,254.77,603
07/18/2022,254.25,20975030,259.75,260.84,253.3,604
07/19/2022,259.53,25012560,257.58,259.72,253.68,605
07/20/2022,262.27,22788280,259.9,264.87,258.91,606
07/21/2022,264.84,22404680,259.79,264.89,257.03,607
07/22/2022,260.36,21881290,265.24,265.33,259.07,608
07/25/2022,258.83,21056000,261,261.5,256.81,609
07/26/2022,251.9,39347960,259.86,259.88,249.57,610
07/27/2022,268.74,45994050,261.16,270.05,258.85,611
07/28/2022,276.41,33459330,269.75,277.84,267.87,612
07/29/2022,280.74,32152750,277.7,282,276.63,613
08/01/2022,278.01,21539580,277.82,281.28,275.84,614
08/02/2022,274.82,22754180,276,277.89,272.38,615
08/03/2022,282.47,23518870,276.76,283.5,276.61,616
08/04/2022,283.65,18098670,281.8,283.8,280.17,617
08/05/2022,282.91,16774610,279.15,283.65,278.68,618
08/08/2022,280.32,18757820,284.05,285.92,279.32,619
08/09/2022,282.3,23405240,279.64,283.08,277.61,620
08/10/2022,289.16,24687850,288.17,289.81,286.94,621
08/11/2022,287.02,20065940,290.85,291.21,286.51,622
08/12/2022,291.91,22619680,288.48,291.91,286.94,623
08/15/2022,293.47,18085650,291,294.18,290.11,624
08/16/2022,292.71,18102880,291.99,294.04,290.42,625
08/17/2022,291.32,18253360,289.74,293.35,289.47,626
08/18/2022,290.17,17186190,290.19,291.91,289.08,627
08/19/2022,286.15,20570030,288.9,289.25,285.56,628
08/22/2022,277.75,25061070,282.08,282.46,277.22,629
08/23/2022,276.44,17527410,276.44,278.86,275.4,630
08/24/2022,275.79,18137020,275.41,277.23,275.11,631
08/25/2022,278.85,16583410,277.33,279.02,274.52,632
08/26/2022,268.09,27549310,279.08,280.34,267.98,633
08/29/2022,265.23,20338540,265.85,267.4,263.85,634
08/30/2022,262.97,22767070,266.67,267.05,260.66,635
08/31/2022,261.47,24791830,265.39,267.11,261.33,636
09/01/2022,260.4,23263430,258.87,260.89,255.41,637
09/02/2022,256.06,22855380,261.7,264.74,254.47,638
09/06/2022,253.25,21328240,256.2,257.83,251.94,639
09/07/2022,258.09,24126700,254.7,258.83,253.22,640
09/08/2022,258.52,20319910,257.51,260.43,254.79,641
09/09/2022,264.46,22093190,260.5,265.23,260.29,642
09/12/2022,266.65,18747690,265.78,267.45,265.16,643
09/13/2022,251.99,33353320,258.84,260.4,251.59,644
09/14/2022,252.22,23912950,253.53,254.23,249.86,645
09/15/2022,245.38,31530950,249.77,251.4,244.02,646
09/16/2022,244.74,39791770,244.26,245.3,242.06,647
09/19/2022,244.52,26826930,242.47,245.14,240.85,648
09/20/2022,242.45,26660300,242.07,243.51,239.64,649
09/21/2022,238.95,28625560,244.27,247.66,238.9,650
09/22/2022,240.98,31061160,237.87,243.86,237.57,651
09/23/2022,237.92,34176050,239.54,241.13,235.2,652
09/26/2022,237.45,27694190,237.05,241.45,236.9,653
09/27/2022,236.41,27018730,239.98,241.8,234.5,654
09/28/2022,241.07,29029680,236.81,242.33,234.73,655
09/29/2022,237.5,27484230,238.89,239.95,234.41,656
09/30/2022,232.9,35694830,238.29,240.54,232.73,657
10/03/2022,240.74,28880360,235.41,241.61,234.66,658
10/04/2022,248.88,34888420,245.09,250.36,244.98,659
10/05/2022,249.2,20347140,245.99,250.58,244.1,660
10/06/2022,246.79,20239890,247.93,250.34,246.08,661
10/07/2022,234.24,37769600,240.9,241.32,233.17,662
10/10/2022,229.25,29743610,233.05,234.56,226.73,663
10/11/2022,225.41,30473950,227.62,229.06,224.11,664
10/12/2022,225.75,21903940,225.4,227.86,223.96,665
10/13/2022,234.24,42551820,219.85,236.1,219.13,666
10/14/2022,228.56,30198590,235.54,237.24,228.34,667
10/17/2022,237.53,28142270,235.82,238.96,235.14,668
10/18/2022,238.5,26329590,243.24,243.93,235.37,669
10/19/2022,236.48,19985700,237.04,239.61,234.29,670
10/20/2022,236.15,21811020,235.77,241.31,234.87,671
10/21/2022,242.12,26299730,234.74,243,234.5,672
10/24/2022,247.25,24911210,243.76,247.84,241.3,673
10/25/2022,250.66,34775510,247.26,251.04,245.83,674
10/26/2022,231.32,82684850,231.17,238.3,230.06,675
10/27/2022,226.75,40424650,231.04,233.69,225.78,676
10/28/2022,235.87,40647720,226.24,236.6,226.05,677
10/31/2022,232.13,28357270,233.76,234.92,231.15,678
11/01/2022,228.17,30592270,234.6,235.74,227.33,679
11/02/2022,220.1,38407010,229.46,231.3,220.04,680
11/03/2022,214.25,36633920,220.09,220.41,213.98,681
11/04/2022,221.39,36789060,217.55,221.59,213.43,682
11/07/2022,227.87,33497980,221.99,228.41,221.28,683
11/08/2022,228.87,28192550,228.7,231.65,225.84,684
11/09/2022,224.51,27852910,227.37,228.63,224.33,685
11/10/2022,242.98,46268020,235.43,243.33,235,686
11/11/2022,247.11,34620250,242.99,247.99,241.93,687
11/14/2022,241.55,31123340,241.99,243.91,239.21,688
11/15/2022,241.97,31390120,245.66,247,240.03,689
11/16/2022,241.73,24093270,242.79,243.8,240.42,690
11/17/2022,241.68,23123540,237.78,243.25,237.63,691
11/18/2022,241.22,27613520,243.51,243.74,239.03,692
11/21/2022,242.05,26394700,241.43,244.67,241.19,693
11/22/2022,245.03,19665700,243.59,245.31,240.71,694
11/23/2022,247.58,19508460,245.11,248.28,244.27,695
11/25/2022,247.49,9200772,247.31,248.7,246.73,696
11/28/2022,241.76,24810270,246.08,246.65,240.8,697
11/29/2022,240.33,17956310,241.4,242.79,238.21,698
11/30/2022,255.14,47594240,240.57,255.33,239.86,699
12/01/2022,254.69,26041520,253.87,256.12,250.92,700
12/02/2022,255.02,21528520,249.82,256.06,249.69,701
12/05/2022,250.2,23435290,252.01,253.82,248.06,702
12/06/2022,245.12,22463730,250.82,251.86,243.78,703
12/07/2022,244.37,20481520,244.83,246.16,242.21,704
12/08/2022,247.4,22611760,244.84,248.74,243.06,705
12/09/2022,245.42,20609740,244.7,248.31,244.16,706
12/12/2022,252.51,30665070,247.45,252.54,247.17,707
12/13/2022,256.92,42196880,261.69,263.92,253.07,708
12/14/2022,257.22,35410930,257.13,262.59,254.31,709
12/15/2022,249.01,35568090,253.72,254.2,247.34,710
12/16/2022,244.69,86101990,248.55,249.84,243.51,711
12/19/2022,240.45,29696440,244.86,245.21,238.71,712
12/20/2022,241.8,25150800,239.4,242.91,238.42,713
12/21/2022,244.43,23690610,241.69,245.62,240.11,714
12/22/2022,238.19,28651660,241.26,241.99,233.87,715
12/23/2022,238.73,21206980,236.11,238.87,233.94,716
12/27/2022,236.96,16688650,238.7,238.93,235.83,717
12/28/2022,234.53,17457100,236.89,239.72,234.17,718
12/29/2022,241.01,19770690,235.65,241.92,235.65,719
12/30/2022,239.82,21938470,238.21,239.96,236.66,720
01/03/2023,239.58,25740040,243.08,245.75,237.4,721
01/04/2023,229.1,50623390,232.28,232.87,225.96,722
01/05/2023,222.31,39585620,227.2,227.55,221.76,723
01/06/2023,224.93,43613570,223,225.76,219.35,724
01/09/2023,227.12,27369780,226.45,231.24,226.41,725
01/10/2023,228.85,27033880,227.76,231.31,227.33,726
01/11/2023,235.77,28669330,231.29,235.95,231.11,727
01/12/2023,238.51,27269490,235.26,239.9,233.56,728
01/13/2023,239.23,21333270,237,239.37,234.92,729
01/17/2023,240.35,29831260,237.97,240.91,237.09,730
01/18/2023,235.81,30028690,241.57,242.38,235.52,731
01/19/2023,231.93,28623030,233.78,235.52,230.68,732
01/20/2023,240.22,35389810,234.86,240.74,234.51,733
01/23/2023,242.58,31933950,241.1,245.17,239.65,734
01/24/2023,242.04,40234440,242.5,243.95,240.44,735
01/25/2023,240.61,66526640,234.48,243.3,230.9,736
01/26/2023,248,33454490,243.65,248.31,242,737
01/27/2023,248.16,26498940,248.99,249.83,246.83,738
01/30/2023,242.71,25867370,244.51,245.6,242.2,739
01/31/2023,247.81,26541070,243.45,247.95,242.95,740
02/01/2023,252.75,31259910,248,255.18,245.47,741
02/02/2023,264.6,39940440,258.82,264.69,257.25,742
02/03/2023,258.35,29077260,259.54,264.2,257.1,743
02/06/2023,256.77,22518000,257.44,258.3,254.78,744
02/07/2023,267.56,50841370,260.53,268.78,260.08,745
02/08/2023,266.73,54686050,273.2,276.76,266.21,746
02/09/2023,263.62,42375100,273.8,273.98,262.8,747
02/10/2023,263.1,25818490,261.53,264.09,260.66,748
02/13/2023,271.32,44630920,267.64,274.6,267.15,749
02/14/2023,272.17,37047920,272.67,274.97,269.28,750
02/15/2023,269.32,28962160,268.32,270.73,266.18,751
02/16/2023,262.15,29603620,264.02,266.74,261.9,752
02/17/2023,258.06,30000060,259.39,260.09,256,753
02/21/2023,252.67,28397440,254.48,255.49,251.59,754
02/22/2023,251.51,22491060,254.09,254.34,250.34,755
02/23/2023,254.77,29219100,255.56,256.84,250.48,756
02/24/2023,249.22,24990910,249.96,251,248.1,757
02/27/2023,250.16,21190040,252.46,252.82,249.39,758
02/28/2023,249.42,22490950,249.07,251.49,248.73,759
03/01/2023,246.27,27565260,250.76,250.93,245.79,760
03/02/2023,251.11,24833650,246.55,251.4,245.61,761
03/03/2023,255.29,30760140,252.19,255.62,251.39,762
03/06/2023,256.87,24109850,256.43,260.12,255.98,763
03/07/2023,254.15,21473180,256.3,257.69,253.39,764
03/08/2023,253.7,17340220,254.04,254.54,250.81,765
03/09/2023,252.32,26653390,255.82,259.56,251.58,766
03/10/2023,248.59,28333930,251.08,252.79,247.6,767
03/13/2023,253.92,33339720,247.4,257.91,245.73,768
03/14/2023,260.79,33620290,256.75,261.07,255.86,769
03/15/2023,265.44,46028050,259.98,266.48,259.21,770
03/16/2023,276.2,54832140,265.21,276.56,263.28,771
03/17/2023,279.43,69527370,278.26,283.33,276.32,772
03/20/2023,272.23,43466650,276.98,277.48,269.85,773
03/21/2023,273.78,34558700,274.88,275,269.52,774
03/22/2023,272.29,34873330,273.4,281.04,272.18,775
03/23/2023,277.66,36610880,277.94,281.06,275.2,776
03/24/2023,280.57,28199960,277.24,280.63,275.28,777
03/27/2023,276.38,26840210,280.5,281.46,275.52,778
03/28/2023,275.23,21878650,275.79,276.14,272.05,779
03/29/2023,280.51,25087030,278.96,281.14,278.41,780
03/30/2023,284.05,25053410,284.23,284.46,281.48,781
03/31/2023,288.3,32765980,283.73,289.27,283,782
04/03/2023,287.23,24883340,286.52,288.27,283.95,783
04/04/2023,287.18,25824300,287.23,290.45,285.67,784
04/05/2023,284.34,22064770,285.85,287.15,282.92,785
04/06/2023,291.6,29770330,283.21,292.08,282.03,786
04/10/2023,289.39,23102990,289.21,289.6,284.71,787
04/11/2023,282.83,27276590,285.75,285.98,281.64,788
04/12/2023,283.49,27403430,284.79,287.01,281.96,789
04/13/2023,289.84,24222680,283.59,289.9,283.17,790
04/14/2023,286.14,20987920,287,288.48,283.69,791
04/17/2023,288.8,23836220,289.93,291.6,286.16,792
04/18/2023,288.37,20161850,291.57,291.76,287.01,793
04/19/2023,288.45,17150270,285.99,289.05,284.54,794
04/20/2023,286.11,23244360,285.25,289.03,285.08,795
04/21/2023,285.76,21676390,285.01,286.27,283.06,796
04/24/2023,281.77,26611010,282.09,284.95,278.72,797
04/25/2023,275.42,45772240,279.51,281.6,275.37,798
04/26/2023,295.37,64599180,296.7,299.57,292.73,799
04/27/2023,304.83,46462640,295.97,305.2,295.25,800
04/28/2023,307.26,36469610,304.01,308.93,303.31,801
05/01/2023,305.56,21294120,306.97,308.6,305.15,802
05/02/2023,305.41,26404430,307.76,309.18,303.91,803
05/03/2023,304.4,22360750,306.62,308.61,304.09,804
05/04/2023,305.41,22519910,306.24,307.76,303.4,805
05/05/2023,310.65,28197050,305.72,311.97,304.27,806
05/08/2023,308.65,21318610,310.13,310.2,306.09,807
05/09/2023,307,21340830,308,310.04,306.31,808
05/10/2023,312.31,30078040,308.62,313,307.67,809
05/11/2023,310.11,31680180,310.1,311.12,306.26,810
05/12/2023,308.97,19774700,310.55,310.65,306.6,811
05/15/2023,309.46,16336550,309.1,309.91,307.59,812
05/16/2023,311.74,26730350,309.83,313.71,309.83,813
05/17/2023,314,24315010,312.29,314.43,310.74,814
05/18/2023,318.52,27275990,314.53,319.04,313.72,815
05/19/2023,318.34,27546700,316.74,318.75,316.37,816
05/22/2023,321.18,24115660,318.6,322.59,318.01,817
05/23/2023,315.26,30797170,320.03,322.72,315.25,818
05/24/2023,313.85,23384890,314.73,316.5,312.61,819
05/25/2023,325.92,43301740,323.24,326.9,320,820
05/26/2023,332.89,36630630,324.02,333.4,323.88,821
05/30/2023,331.21,29503070,335.23,335.74,330.52,822
05/31/2023,328.39,45950550,332.29,335.94,327.33,823
06/01/2023,332.58,26773850,325.93,333.53,324.72,824
06/02/2023,335.4,25873770,334.25,337.5,332.55,825
06/05/2023,335.94,21307050,335.22,338.56,334.66,826
06/06/2023,333.68,20396220,335.33,335.37,332.17,827
06/07/2023,323.38,40717130,331.65,334.49,322.5,828
06/08/2023,325.26,23277710,323.94,326.64,323.35,829
06/09/2023,326.79,22528950,324.99,329.99,324.41,830
06/12/2023,331.85,24306750,328.58,332.1,325.16,831
06/13/2023,334.29,22951280,334.47,336.98,330.39,832
06/14/2023,337.34,26003790,334.34,339.04,332.81,833
06/15/2023,348.1,38899080,337.48,349.84,337.2,834
06/16/2023,342.33,46551990,351.32,351.47,341.95,835
06/20/2023,338.05,26375410,339.31,342.08,335.86,836
06/21/2023,333.56,25117800,336.37,337.73,332.07,837
06/22/2023,339.71,23556760,334.12,340.12,333.34,838
06/23/2023,335.02,23146900,334.36,337.96,333.45,839
06/26/2023,328.6,21520580,333.72,336.11,328.49,840
06/27/2023,334.57,24354110,331.86,336.15,329.3,841
06/28/2023,335.85,20259520,334.66,337.98,333.81,842
06/29/2023,335.05,16997040,334.71,336.11,332.62,843
06/30/2023,340.54,26832760,337.75,342.73,337.2,844
07/03/2023,337.99,12484240,339.19,340.9,336.57,845
07/05/2023,338.15,18172380,335.09,341.65,334.73,846
07/06/2023,341.27,28195530,337.3,342.99,335.5,847
07/07/2023,337.22,21214820,339.32,341.79,337,848
07/10/2023,331.83,32791450,334.6,335.23,327.59,849
07/11/2023,332.47,26698220,331.06,332.86,327,850
07/12/2023,337.2,29995260,336.6,341.65,335.67,851
07/13/2023,342.66,20567160,339.56,343.74,339.02,852
07/14/2023,345.24,28352730,347.59,351.43,344.31,853
07/17/2023,345.73,20363930,345.68,346.99,342.2,854
07/18/2023,359.49,64872710,345.83,366.78,342.17,855
07/19/2023,355.08,39732900,361.75,362.46,352.44,856
07/20/2023,346.87,33778400,353.57,357.97,345.37,857
07/21/2023,343.77,69405380,349.15,350.3,339.83,858
07/24/2023,345.11,26719210,345.85,346.92,342.31,859
07/25/2023,350.98,41637740,347.11,351.89,345.07,860
07/26/2023,337.77,58383700,341.44,344.67,333.11,861
07/27/2023,330.72,39635260,340.48,341.33,329.05,862
07/28/2023,338.37,28484870,333.67,340.01,333.17,863
07/31/2023,335.92,25446020,336.92,337.7,333.36,864
08/01/2023,336.34,18381250,335.19,338.54,333.7,865
08/02/2023,327.5,27761260,333.63,333.63,326.36,866
08/03/2023,326.66,18360350,326,329.88,325.95,867
08/04/2023,327.78,23741480,331.88,335.14,327.24,868
08/07/2023,330.11,17741530,328.37,331.11,327.52,869
08/08/2023,326.05,22327570,326.96,328.75,323,870
08/09/2023,322.23,22373270,326.47,327.11,321.05,871
08/10/2023,322.93,20113730,326.02,328.26,321.18,872
08/11/2023,321.01,24355490,320.26,322.41,319.21,873
08/14/2023,324.04,18836140,321.39,324.06,320.08,874
08/15/2023,321.86,16966290,323,325.09,320.9,875
08/16/2023,320.4,20698860,320.8,324.42,319.8,876
08/17/2023,316.88,21257160,320.54,321.87,316.21,877
08/18/2023,316.48,24755010,314.49,318.38,311.55,878
08/21/2023,321.88,24039960,317.93,322.77,317.04,879
08/22/2023,322.46,16102020,325.5,326.08,321.46,880
08/23/2023,327,21166380,323.82,329.2,323.46,881
08/24/2023,319.97,23281430,332.85,332.98,319.96,882
08/25/2023,322.98,21684100,321.47,325.36,318.8,883
08/28/2023,323.7,14808480,325.66,326.15,321.72,884
08/29/2023,328.41,19284590,321.88,328.98,321.88,885
08/30/2023,328.79,15222110,328.67,329.81,326.45,886
08/31/2023,327.76,26410950,329.2,330.91,326.78,887
09/01/2023,328.66,14942020,331.31,331.99,326.78,888
09/05/2023,333.55,18553860,329,334.85,328.66,889
09/06/2023,332.88,17535770,333.38,334.46,330.18,890
09/07/2023,329.91,18381000,331.29,333.08,329.03,891
09/08/2023,334.27,19548170,330.09,336.16,329.46,892
09/11/2023,337.94,16583320,337.24,338.42,335.43,893
09/12/2023,331.77,17565480,335.82,336.79,331.48,894
09/13/2023,336.06,16544410,331.31,336.85,331.17,895
09/14/2023,338.7,20267050,339.15,340.86,336.57,896
09/15/2023,330.22,37679790,336.92,337.4,329.65,897
09/18/2023,329.06,16834210,327.8,330.4,326.36,898
09/19/2023,328.65,16514490,326.17,329.39,324.51,899
09/20/2023,320.77,21436530,329.51,329.59,320.51,900
09/21/2023,319.53,35560360,319.26,325.35,315,901
09/22/2023,317.01,21447890,321.32,321.45,316.15,902
09/25/2023,317.54,17835960,316.59,317.67,315,903
09/26/2023,312.14,26297570,315.13,315.88,310.02,904
09/27/2023,312.79,19410080,312.3,314.3,309.69,905
09/28/2023,313.64,19683560,310.99,315.48,309.45,906
09/29/2023,315.75,24147300,317.75,319.47,314.98,907
10/02/2023,321.8,20570010,316.28,321.89,315.18,908
10/03/2023,313.39,21033490,320.83,321.39,311.22,909
10/04/2023,318.96,20720140,314.03,320.04,314,910
10/05/2023,319.36,16965630,319.09,319.98,314.9,911
10/06/2023,327.26,25673630,316.55,329.19,316.3,912
10/09/2023,329.82,19891180,324.75,330.3,323.18,913
10/10/2023,328.39,20557090,330.96,331.1,327.67,914
10/11/2023,332.42,20063250,331.21,332.82,329.14,915
10/12/2023,331.16,19313100,330.57,333.63,328.72,916
10/13/2023,327.73,21085700,332.38,333.83,326.36,917
10/16/2023,332.64,22158050,331.05,336.14,330.6,918
10/17/2023,332.06,18338520,329.59,333.46,327.41,919
10/18/2023,330.11,23153600,332.49,335.59,328.3,920
10/19/2023,331.32,25052070,332.15,336.88,330.91,921
10/20/2023,326.67,25027720,331.72,331.92,325.45,922
10/23/2023,329.32,24374750,325.47,332.73,324.39,923
10/24/2023,330.53,31153570,331.3,331.84,327.6,924
10/25/2023,340.67,55053830,345.02,346.2,337.62,925
10/26/2023,327.89,37828540,340.54,341.63,326.94,926
10/27/2023,329.81,29856520,330.43,336.72,328.4,927
10/30/2023,337.31,22828080,333.41,339.45,331.83,928
10/31/2023,338.11,20265280,338.85,339,334.69,929
11/01/2023,346.07,28158820,339.79,347.42,339.65,930
11/02/2023,348.32,24348070,347.24,348.83,344.77,931
11/03/2023,352.8,23637670,349.63,354.39,347.33,932
11/06/2023,356.53,23828300,353.45,357.54,353.35,933
11/07/2023,360.53,25833930,359.4,362.46,357.63,934
11/08/2023,363.2,26767830,361.68,363.87,360.55,935
11/09/2023,360.69,24847330,362.3,364.79,360.36,936
11/10/2023,369.67,28065160,361.49,370.1,361.07,937
11/13/2023,366.68,19986510,368.22,368.47,365.9,938
11/14/2023,370.27,27683860,371.01,371.95,367.35,939
11/15/2023,369.67,26860100,371.28,373.13,367.11,940
11/16/2023,376.17,27182320,370.96,376.35,370.18,941
11/17/2023,369.85,40325370,373.61,374.37,367,942
11/20/2023,377.44,52528960,371.22,378.87,371,943
11/21/2023,373.07,28423150,375.67,376.22,371.12,944
11/22/2023,377.85,23361180,378,379.79,374.97,945
11/24/2023,377.43,10176650,377.33,377.97,375.14,946
11/27/2023,378.61,22179230,376.78,380.64,376.2,947
11/28/2023,382.7,20453110,378.35,383,378.16,948
11/29/2023,378.85,28963400,383.76,384.3,377.44,949
11/30/2023,378.91,30554420,378.49,380.09,375.47,950
12/01/2023,374.51,33040470,376.76,378.16,371.31,951
12/04/2023,369.14,32063310,369.1,369.52,362.9,952
12/05/2023,372.52,23065040,366.45,373.08,365.62,953
12/06/2023,368.8,21182070,373.54,374.18,368.03,954
12/07/2023,370.95,23118860,368.23,371.45,366.32,955
12/08/2023,374.23,20154370,369.2,374.46,368.23,956
12/11/2023,371.3,27708760,368.48,371.6,366.1,957
12/12/2023,374.38,24838250,370.85,374.42,370.46,958
12/13/2023,374.37,30955530,376.02,377.64,370.77,959
12/14/2023,365.93,43277460,373.31,373.76,364.13,960
12/15/2023,370.73,78502320,366.85,372.4,366.28,961
12/18/2023,372.65,21802880,369.45,373,368.68,962
12/19/2023,373.26,20603660,371.49,373.26,369.84,963
12/20/2023,370.62,26316650,375,376.03,370.53,964
12/21/2023,373.54,17708010,372.56,374.41,370.04,965
12/22/2023,374.58,17107480,373.68,375.18,372.71,966
12/26/2023,374.66,12673050,375,376.94,373.5,967
12/27/2023,374.07,14905410,373.69,375.06,372.81,968
12/28/2023,375.28,14327010,375.37,376.46,374.16,969
12/29/2023,376.04,18730840,376,377.16,373.48,970
01/02/2024,370.87,25258630,373.86,375.9,366.77,971
01/03/2024,370.6,23083470,369.01,373.26,368.51,972
01/04/2024,367.94,20901500,370.67,373.1,367.17,973
01/05/2024,367.75,21004580,368.97,372.06,366.5,974
01/08/2024,374.69,23133970,369.3,375.2,369.01,975
01/09/2024,375.79,20829950,372.01,375.99,371.19,976
01/10/2024,382.77,25514250,376.37,384.17,376.32,977
01/11/2024,384.63,27850850,386,390.68,380.38,978
01/12/2024,388.47,21661150,385.49,388.68,384.65,979
01/16/2024,390.27,27202270,393.66,394.03,387.62,980
01/17/2024,389.47,22234110,387.98,390.11,384.81,981
01/18/2024,393.87,23392070,391.72,393.99,390.12,982
01/19/2024,398.67,29331140,395.76,398.67,393.5,983
01/22/2024,396.51,27016900,400.02,400.62,393.59,984
01/23/2024,398.9,20525880,395.75,399.38,393.93,985
01/24/2024,402.56,24866950,401.54,405.63,400.45,986
01/25/2024,404.87,21021160,404.32,407.01,402.53,987
01/26/2024,403.93,17803270,404.37,406.17,402.43,988
01/29/2024,409.72,24510240,406.06,409.98,404.33,989
01/30/2024,408.59,33477610,412.26,413.05,406.45,990
01/31/2024,397.58,47871100,406.96,415.32,397.21,991
02/01/2024,403.78,30657730,401.83,408,401.8,992
02/02/2024,411.22,28256670,403.81,412.65,403.56,993
02/05/2024,405.65,25352290,409.9,411.16,403.99,994
02/06/2024,405.49,18382620,405.88,407.97,402.91,995
02/07/2024,414.05,22340530,407.44,414.3,407.4,996
02/08/2024,414.11,21225260,414.05,415.56,412.53,997
02/09/2024,420.55,22032840,415.25,420.82,415.09,998
02/12/2024,415.26,21202920,420.56,420.74,414.75,999
02/13/2024,406.32,27824940,404.94,410.07,403.39,1000
02/14/2024,409.49,20401190,408.07,409.84,404.57,1001
02/15/2024,406.56,21825530,408.14,409.13,404.29,1002
02/16/2024,404.06,22296500,407.96,408.29,403.44,1003
02/20/2024,402.79,24307920,403.24,404.49,398.01,1004
02/21/2024,402.18,18631070,400.17,402.29,397.22,1005
02/22/2024,411.65,27009870,410.19,412.83,408.57,1006
02/23/2024,410.34,16295880,415.67,415.86,408.97,1007
02/26/2024,407.54,16193510,411.46,412.16,407.36,1008
02/27/2024,407.48,14835830,407.99,408.32,403.85,1009
02/28/2024,407.72,13183130,408.18,409.3,405.32,1010
02/29/2024,413.64,31947260,408.64,414.2,405.92,1011
03/01/2024,415.5,17823450,411.27,415.87,410.88,1012
03/04/2024,414.92,17595960,413.44,417.35,412.32,1013
03/05/2024,402.65,26919180,413.96,414.25,400.64,1014
03/06/2024,402.09,22344150,402.97,405.16,398.39,1015
03/07/2024,409.14,18718480,406.12,409.78,402.24,1016
03/08/2024,406.22,18002190,407.96,410.42,404.33,1017
03/11/2024,404.52,16120750,403.76,405.68,401.26,1018
03/12/2024,415.28,22457000,407.62,415.57,406.79,1019
03/13/2024,415.1,17115930,418.1,418.18,411.45,1020
03/14/2024,425.22,34157300,420.24,427.82,417.99,1021
03/15/2024,416.42,45079900,419.29,422.6,412.79,1022
03/18/2024,417.32,20105980,414.25,420.73,413.78,1023
03/19/2024,421.41,19837920,417.83,421.67,415.55,1024
03/20/2024,425.23,17860090,422,425.96,420.66,1025
03/21/2024,429.37,21296220,429.83,430.82,427.16,1026
03/22/2024,428.74,17648470,429.7,429.86,426.07,1027
03/25/2024,422.86,18060450,425.24,427.41,421.61,1028
03/26/2024,421.65,16725650,425.61,425.99,421.35,1029
03/27/2024,421.43,16704980,424.44,424.45,419.01,1030
03/28/2024,420.72,21871160,420.96,421.87,419.12,1031
04/01/2024,424.57,16315960,423.95,427.89,422.22,1032
04/02/2024,421.44,17911990,420.11,422.38,417.84,1033
04/03/2024,420.45,16502260,419.73,423.26,419.09,1034
04/04/2024,417.88,19370880,424.99,428.67,417.57,1035
04/05/2024,425.52,16554760,420.01,426.51,418.32,1036
04/08/2024,424.59,14272390,425.17,427.28,423.3,1037
04/09/2024,426.28,12512290,426.44,427.74,421.62,1038
04/10/2024,423.26,16216580,422.19,424.03,419.7,1039
04/11/2024,427.93,17966420,425.82,429.37,422.36,1040
04/12/2024,421.9,19253750,424.05,425.18,419.77,1041
04/15/2024,413.64,20273540,426.6,426.82,413.43,1042
04/16/2024,414.58,16765620,414.57,418.4,413.73,1043
04/17/2024,411.84,15855490,417.25,418.88,410.33,1044
04/18/2024,404.27,21029920,410.63,411.89,403.95,1045
04/19/2024,399.12,30565790,404.03,405.48,397.77,1046
04/22/2024,400.96,20286880,400.08,402.85,395.75,1047
04/23/2024,407.57,15734500,404.24,408.2,403.06,1048
04/24/2024,409.06,15065330,409.56,412.47,406.78,1049
04/25/2024,399.04,40586450,394.03,399.89,388.03,1050
04/26/2024,406.32,29694650,412.17,413,405.76,1051
04/29/2024,402.25,19582090,405.25,406.32,399.19,1052
04/30/2024,389.33,28781370,401.49,402.16,389.17,1053
05/01/2024,394.94,23562480,392.61,401.72,390.31,1054
05/02/2024,397.84,17709360,397.66,399.93,394.65,1055
05/03/2024,406.66,17446720,402.28,407.15,401.86,1056
05/06/2024,413.54,16996640,408.76,413.93,406.37,1057
05/07/2024,409.34,20018230,414.66,414.67,409.09,1058
05/08/2024,410.54,11792310,408.17,412.23,406.71,1059
05/09/2024,412.32,14689730,410.57,412.72,409.1,1060
05/10/2024,414.74,13402280,412.94,415.38,411.8,1061
05/13/2024,413.72,15440230,418.01,418.35,410.82,1062
05/14/2024,416.56,15109310,412.02,417.49,411.55,1063
05/15/2024,423.08,22239530,417.9,423.81,417.27,1064
05/16/2024,420.99,17530050,421.8,425.42,420.35,1065
05/17/2024,420.21,15352240,422.54,422.92,418.03,1066
05/20/2024,425.34,16272140,420.21,426.77,419.99,1067
05/21/2024,429.04,21453260,426.83,432.97,424.85,1068
05/22/2024,430.52,18073700,430.09,432.41,427.13,1069
05/23/2024,427,17211690,432.97,433.6,425.42,1070
05/24/2024,430.16,11855290,427.19,431.06,424.41,1071
05/28/2024,430.32,15718020,429.63,430.82,426.6,1072
05/29/2024,429.17,15517130,425.69,430.94,425.69,1073
05/30/2024,414.67,28424850,424.3,424.3,414.24,1074
05/31/2024,415.13,47995250,416.75,416.75,404.51,1075
06/03/2024,413.52,17484680,415.53,416.43,408.92,1076
06/04/2024,416.07,14348920,412.43,416.44,409.68,1077
06/05/2024,424.01,16988040,417.81,424.08,416.3,1078
06/06/2024,424.52,14861250,424.01,425.31,420.58,1079
06/07/2024,423.85,13621650,426.2,426.28,423,1080
06/10/2024,427.87,14003030,424.7,428.08,423.89,1081
06/11/2024,432.68,14551100,425.48,432.82,425.25,1082
06/12/2024,441.06,22366230,435.32,443.4,433.25,1083
06/13/2024,441.58,15960570,440.85,443.39,439.37,1084
06/14/2024,442.57,13581990,438.28,443.14,436.72,1085
06/17/2024,448.37,20790030,442.59,450.94,440.72,1086
06/18/2024,446.34,17112500,449.71,450.14,444.89,1087
06/20/2024,445.7,19877380,446.3,446.53,441.27,1088
06/21/2024,449.78,34486170,447.38,450.58,446.51,1089
06/24/2024,447.67,15913720,449.8,452.75,446.41,1090
06/25/2024,450.95,16747530,448.25,451.42,446.75,1091
06/26/2024,452.16,16507030,449,453.6,448.19,1092
06/27/2024,452.85,14806320,452.18,456.17,451.77,1093
06/28/2024,446.95,28362270,453.07,455.38,446.41,1094
07/01/2024,456.73,17662820,448.66,457.37,445.66,1095
07/02/2024,459.28,13979780,453.2,459.59,453.11,1096
07/03/2024,460.77,9932830,458.19,461.02,457.88,1097
07/05/2024,467.56,16000290,459.61,468.35,458.97,1098
07/08/2024,466.24,12962320,466.55,467.7,464.46,1099
07/09/2024,459.54,17228510,467,467.33,458,1100
07/10/2024,466.25,18196100,461.22,466.46,458.86,1101
07/11/2024,454.7,23111180,462.98,464.78,451.55,1102
07/12/2024,453.55,16324270,454.33,456.36,450.65,1103
07/15/2024,453.96,14429450,453.3,457.26,451.43,1104
07/16/2024,449.52,17175680,454.22,454.3,446.66,1105
07/17/2024,443.52,21754020,442.59,444.85,439.18,1106
07/18/2024,440.37,20794820,444.34,444.65,434.4,1107
07/19/2024,437.11,20940420,433.1,441.14,432,1108
07/22/2024,442.94,15808760,441.79,444.6,438.91,1109
07/23/2024,444.85,13107050,443.9,448.39,443.1,1110
07/24/2024,428.9,26805800,440.45,441.48,427.59,1111
07/25/2024,418.4,29943800,428.8,429.8,417.51,1112
07/26/2024,425.27,23583840,418.2,428.92,417.27,1113
07/29/2024,426.73,15125840,431.58,432.15,424.7,1114
07/30/2024,422.92,32687580,427.72,429.05,417.36,1115
07/31/2024,418.35,42891370,420.5,421.78,412.21,1116
08/01/2024,417.11,30296400,420.79,427.46,413.09,1117
08/02/2024,408.49,29437900,412.49,415,404.34,1118
08/05/2024,395.15,40709240,389.17,401.04,385.58,1119
08/06/2024,399.61,24946530,400,405.67,398.5,1120
08/07/2024,398.43,20650910,408.64,410.08,397.47,1121
08/08/2024,402.69,20203030,402.44,405.86,399.94,1122
08/09/2024,406.02,19276670,404.03,408.05,402.26,1123
08/12/2024,406.81,16762880,407.06,408.76,404.24,1124
08/13/2024,414.01,19414270,409.59,414.95,409.57,1125
08/14/2024,416.86,18266980,414.8,417.72,412.45,1126
08/15/2024,421.03,20752140,419.8,421.11,417.66,1127
08/16/2024,418.47,22775590,420.6,421.34,417.3,1128
08/19/2024,421.53,15233960,418.96,421.75,416.46,1129
08/20/2024,424.8,16387580,421.7,425.86,421.64,1130
08/21/2024,424.14,16067300,424.08,426.4,421.72,1131
08/22/2024,415.55,19361900,424.36,426.79,414.61,1132
08/23/2024,416.79,18493780,416.98,419.26,412.09,1133
08/26/2024,413.49,13152830,416.37,417.28,411.34,1134
08/27/2024,413.84,13492910,412.86,414.36,410.25,1135
08/28/2024,410.6,14882660,414.88,415,407.31,1136
08/29/2024,413.12,17045240,414.94,422.05,410.6,1137
08/30/2024,417.14,24308320,415.6,417.49,412.13,1138
09/03/2024,409.44,20313600,417.91,419.88,407.03,1139
09/04/2024,408.9,15135810,405.91,411.24,404.37,1140
09/05/2024,408.39,14195520,407.62,413.1,406.13,1141
09/06/2024,401.7,19609530,409.06,410.65,400.8,1142
09/09/2024,405.72,15295130,407.24,408.65,402.15,1143
09/10/2024,414.2,19594290,408.2,416.33,407.7,1144
09/11/2024,423.04,19266920,415.5,423.99,409.58,1145
09/12/2024,427,17418760,423.31,427.37,419.75,1146
09/13/2024,430.59,15874560,425.83,431.83,425.46,1147
09/16/2024,431.34,13834700,430.6,433.53,428.22,1148
09/17/2024,435.15,18874230,440.23,441.85,432.27,1149
09/18/2024,430.81,18898040,435,436.03,430.41,1150
09/19/2024,438.69,21706560,441.23,441.5,436.9,1151
09/20/2024,435.27,55167110,437.22,439.24,434.22,1152
09/23/2024,433.51,15128890,434.28,436.46,430.39,1153
09/24/2024,429.17,17015750,433,433.35,426.1,1154
09/25/2024,432.11,13396360,429.83,433.12,428.57,1155
09/26/2024,431.31,14492040,435.09,435.3,429.13,1156
09/27/2024,428.02,14896130,431.52,431.85,427.47,1157
09/30/2024,430.3,16854610,428.21,430.42,425.37,1158
10/01/2024,420.69,19092950,428.45,428.48,418.81,1159
10/02/2024,417.13,16582260,422.58,422.82,416.71,1160
10/03/2024,416.54,13686420,417.63,419.55,414.29,1161
10/04/2024,416.06,19190910,418.24,419.75,414.97,1162
10/07/2024,409.54,20919760,416,417.11,409,1163
10/08/2024,414.71,19229260,410.9,415.66,408.17,1164
10/09/2024,417.46,14974260,415.86,420.38,414.3,1165
10/10/2024,415.84,13848380,415.23,417.35,413.15,1166
10/11/2024,416.32,14144940,416.14,417.13,413.25,1167
10/14/2024,419.14,16653090,417.77,424.04,417.52,1168
10/15/2024,418.74,18900200,422.18,422.48,415.26,1169
10/16/2024,416.12,15508930,415.17,416.36,410.48,1170
10/17/2024,416.72,14820000,422.36,422.5,415.59,1171
10/18/2024,418.16,17145320,417.14,419.65,416.26,1172
10/21/2024,418.78,14206120,416.12,418.96,413.75,1173
10/22/2024,427.51,25482200,418.49,430.58,418.04,1174
10/23/2024,424.6,19654380,430.86,431.08,422.53,1175
10/24/2024,424.73,13581630,425.33,425.98,422.4,1176
10/25/2024,428.15,16899060,426.76,432.52,426.57,1177
10/28/2024,426.59,14882440,431.66,431.94,426.3,1178
10/29/2024,431.95,17644080,428,433.17,425.8,1179
10/30/2024,432.53,29749150,437.44,438.5,432.1,1180
10/31/2024,406.35,53970980,415.36,416.16,406.3,1181
11/01/2024,410.37,24230440,409.01,415.5,407.5,1182
11/04/2024,408.46,19672290,409.8,410.42,405.57,1183
11/05/2024,411.46,17626010,408.37,414.9,408.08,1184
11/06/2024,420.18,26681840,412.42,420.45,410.52,1185
11/07/2024,425.43,19901780,421.28,426.85,419.88,1186
11/08/2024,422.54,16891410,425.32,426.5,421.78,1187
11/11/2024,418.01,24503320,422.52,424.81,416,1188
11/12/2024,423.03,19401200,418.25,424.44,417.2,1189
11/13/2024,425.2,21502190,421.64,429.33,418.21,1190
11/14/2024,426.89,30246880,425,428.17,420,1191
11/15/2024,415,28247640,419.82,422.8,413.64,1192
11/18/2024,415.76,24742010,414.87,418.4,412.1,1193
11/19/2024,417.79,18133530,413.11,417.94,411.55,1194
11/20/2024,415.49,19191660,416.87,417.29,410.58,1195
11/21/2024,412.87,20780160,419.5,419.78,410.29,1196
11/22/2024,417,24814630,411.37,417.4,411.06,1197
11/25/2024,418.79,27691090,418.38,421.08,414.85,1198
11/26/2024,427.99,23458890,419.59,429.04,418.85,1199
11/27/2024,422.99,18332440,425.11,427.23,422.02,1200
11/29/2024,423.46,16271920,420.09,424.88,417.8,1201
12/02/2024,430.98,20207220,421.57,433,421.31,1202
12/03/2024,431.2,18301990,429.84,432.47,427.74,1203
12/04/2024,437.42,26009430,433.03,439.67,432.63,1204
12/05/2024,442.62,21697780,437.92,444.66,436.17,1205
12/06/2024,443.57,18821000,442.3,446.1,441.77,1206
12/09/2024,446.02,19144390,442.6,448.33,440.5,1207
12/10/2024,443.33,18469460,444.39,449.62,441.6,1208
12/11/2024,448.99,19200210,444.05,450.35,444.05,1209
12/12/2024,449.56,20834780,449.11,456.16,449.11,1210
12/13/2024,447.27,20177830,448.44,451.43,445.58,1211
12/16/2024,451.59,23598830,447.27,452.18,445.28,1212
12/17/2024,454.46,22733490,451.01,455.29,449.57,1213
12/18/2024,437.39,24444550,451.32,452.65,437.02,1214
12/19/2024,437.03,22963680,441.62,443.18,436.32,1215
12/20/2024,436.6,64263690,433.11,443.74,428.63,1216
12/23/2024,435.25,19152520,436.74,437.65,432.83,1217
12/24/2024,439.33,7164543,434.65,439.6,434.19,1218
12/26/2024,438.11,8199927,439.08,440.94,436.63,1219
12/27/2024,430.53,18117710,434.6,435.22,426.35,1220
12/30/2024,424.83,13158700,426.06,427.55,421.9,1221
12/31/2024,421.5,13246510,426.1,426.73,420.66,1222
01/02/2025,418.58,16896470,425.53,426.07,414.85,1223
01/03/2025,423.35,16662940,421.08,424.03,419.54,1224
01/06/2025,427.85,20573650,428,434.32,425.48,1225
01/07/2025,422.37,18139070,429,430.65,420.8,1226
01/08/2025,424.56,15054580,423.46,426.97,421.54,1227
01/10/2025,418.95,20201130,424.63,424.71,415.02,1228
01/13/2025,417.19,17604780,415.24,418.5,412.29,1229
01/14/2025,415.67,16935860,417.81,419.74,410.72,1230
01/15/2025,426.31,19637840,419.13,428.15,418.27,1231
01/16/2025,424.58,15300020,428.7,429.49,424.39,1232
01/17/2025,429.03,26197510,434.09,434.48,428.17,1233
01/21/2025,428.5,26085700,430.2,430.9,425.6,1234
01/22/2025,446.2,27803810,437.56,447.27,436,1235
01/23/2025,446.71,18389270,442,446.75,441.5,1236
01/24/2025,444.06,15549450,445.16,446.65,441.4,1237
01/27/2025,434.56,35647810,424.01,435.2,423.5,1238
01/28/2025,447.2,23491700,434.6,448.38,431.38,1239
01/29/2025,442.33,23581370,446.69,446.88,440.4,1240
01/30/2025,414.99,54586260,418.77,422.86,413.16,1241
01/31/2025,415.06,34223390,418.98,420.69,414.91,1242
02/03/2025,410.92,25679150,411.6,415.41,408.66,1243
02/04/2025,412.37,20532100,412.69,413.92,409.74,1244
02/05/2025,413.29,16336190,412.35,413.83,410.4,1245
02/06/2025,415.82,16309760,414,418.2,414,1246
02/07/2025,409.75,22886840,416.48,418.65,408.1,1247
02/10/2025,412.22,20817920,413.71,415.46,410.92,1248
02/11/2025,411.44,18140590,409.64,412.49,409.3,1249
02/12/2025,409.04,19121730,407.21,410.75,404.37,1250
02/13/2025,410.54,23891730,407,411,406.36,1251
02/14/2025,408.43,22758460,407.79,408.91,405.88,1252
02/18/2025,409.64,21423050,408,410.6,406.5,1253
02/19/2025,414.77,24114200,407.88,415.49,407.65,1254
02/20/2025,416.13,23508730,415.29,419.31,412.54,1255
02/21/2025,408.21,27524800,417.34,418.05,407.89,1256
02/24/2025,404,26443660,408.51,409.37,399.32,1257