Date,Close/Last,Volume,Open,High,Low,Day
02/24/2025,$404.00,26443660,$408.51,$409.37,$399.32,0
02/21/2025,$408.21,27524800,$417.34,$418.05,$407.89,1
02/20/2025,$416.13,23508730,$415.29,$419.31,$412.54,2
02/19/2025,$414.77,24114200,$407.88,$415.49,$407.65,3
02/18/2025,$409.64,21423050,$408.00,$410.60,$406.50,4
02/14/2025,$408.43,22758460,$407.79,$408.91,$405.88,5
02/13/2025,$410.54,23891730,$407.00,$411.00,$406.36,6
02/12/2025,$409.04,19121730,$407.21,$410.75,$404.37,7
02/11/2025,$411.44,18140590,$409.64,$412.49,$409.30,8
02/10/2025,$412.22,20817920,$413.71,$415.46,$410.92,9
02/07/2025,$409.75,22886840,$416.48,$418.65,$408.10,10
02/06/2025,$415.82,16309760,$414.00,$418.20,$414.00,11
02/05/2025,$413.29,16336190,$412.35,$413.83,$410.40,12
02/04/2025,$412.37,20532100,$412.69,$413.92,$409.74,13
02/03/2025,$410.92,25679150,$411.60,$415.41,$408.66,14
01/31/2025,$415.06,34223390,$418.98,$420.69,$414.91,15
01/30/2025,$414.99,54586260,$418.77,$422.86,$413.16,16
01/29/2025,$442.33,23581370,$446.69,$446.88,$440.40,17
01/28/2025,$447.20,23491700,$434.60,$448.38,$431.38,18
01/27/2025,$434.56,35647810,$424.01,$435.20,$423.50,19
01/24/2025,$444.06,15549450,$445.16,$446.65,$441.40,20
01/23/2025,$446.71,18389270,$442.00,$446.75,$441.50,21
01/22/2025,$446.20,27803810,$437.56,$447.27,$436.00,22
01/21/2025,$428.50,26085700,$430.20,$430.90,$425.60,23
01/17/2025,$429.03,26197510,$434.09,$434.48,$428.17,24
01/16/2025,$424.58,15300020,$428.70,$429.49,$424.39,25
01/15/2025,$426.31,19637840,$419.13,$428.15,$418.27,26
01/14/2025,$415.67,16935860,$417.81,$419.74,$410.72,27
01/13/2025,$417.19,17604780,$415.24,$418.50,$412.29,28
01/10/2025,$418.95,20201130,$424.63,$424.71,$415.02,29
01/08/2025,$424.56,15054580,$423.46,$426.97,$421.54,30
01/07/2025,$422.37,18139070,$429.00,$430.65,$420.80,31
01/06/2025,$427.85,20573650,$428.00,$434.32,$425.48,32
01/03/2025,$423.35,16662940,$421.08,$424.03,$419.54,33
01/02/2025,$418.58,16896470,$425.53,$426.07,$414.85,34
12/31/2024,$421.50,13246510,$426.10,$426.73,$420.66,35
12/30/2024,$424.83,13158700,$426.06,$427.55,$421.90,36
12/27/2024,$430.53,18117710,$434.60,$435.22,$426.35,37
12/26/2024,$438.11,8199927,$439.08,$440.94,$436.63,38
12/24/2024,$439.33,7164543,$434.65,$439.60,$434.19,39
12/23/2024,$435.25,19152520,$436.74,$437.65,$432.83,40
12/20/2024,$436.60,64263690,$433.11,$443.74,$428.63,41
12/19/2024,$437.03,22963680,$441.62,$443.18,$436.32,42
12/18/2024,$437.39,24444550,$451.32,$452.65,$437.02,43
12/17/2024,$454.46,22733490,$451.01,$455.29,$449.57,44
12/16/2024,$451.59,23598830,$447.27,$452.18,$445.28,45
12/13/2024,$447.27,20177830,$448.44,$451.43,$445.58,46
12/12/2024,$449.56,20834780,$449.11,$456.16,$449.11,47
12/11/2024,$448.99,19200210,$444.05,$450.35,$444.05,48
12/10/2024,$443.33,18469460,$444.39,$449.62,$441.60,49
12/09/2024,$446.02,19144390,$442.60,$448.33,$440.50,50
12/06/2024,$443.57,18821000,$442.30,$446.10,$441.77,51
12/05/2024,$442.62,21697780,$437.92,$444.66,$436.17,52
12/04/2024,$437.42,26009430,$433.03,$439.67,$432.63,53
12/03/2024,$431.20,18301990,$429.84,$432.47,$427.74,54
12/02/2024,$430.98,20207220,$421.57,$433.00,$421.31,55
11/29/2024,$423.46,16271920,$420.09,$424.88,$417.80,56
11/27/2024,$422.99,18332440,$425.11,$427.23,$422.02,57
11/26/2024,$427.99,23458890,$419.59,$429.04,$418.85,58
11/25/2024,$418.79,27691090,$418.38,$421.08,$414.85,59
11/22/2024,$417.00,24814630,$411.37,$417.40,$411.06,60
11/21/2024,$412.87,20780160,$419.50,$419.78,$410.29,61
11/20/2024,$415.49,19191660,$416.87,$417.29,$410.58,62
11/19/2024,$417.79,18133530,$413.11,$417.94,$411.55,63
11/18/2024,$415.76,24742010,$414.87,$418.40,$412.10,64
11/15/2024,$415.00,28247640,$419.82,$422.80,$413.64,65
11/14/2024,$426.89,30246880,$425.00,$428.17,$420.00,66
11/13/2024,$425.20,21502190,$421.64,$429.33,$418.21,67
11/12/2024,$423.03,19401200,$418.25,$424.44,$417.20,68
11/11/2024,$418.01,24503320,$422.52,$424.81,$416.00,69
11/08/2024,$422.54,16891410,$425.32,$426.50,$421.78,70
11/07/2024,$425.43,19901780,$421.28,$426.85,$419.88,71
11/06/2024,$420.18,26681840,$412.42,$420.45,$410.52,72
11/05/2024,$411.46,17626010,$408.37,$414.90,$408.08,73
11/04/2024,$408.46,19672290,$409.80,$410.42,$405.57,74
11/01/2024,$410.37,24230440,$409.01,$415.50,$407.50,75
10/31/2024,$406.35,53970980,$415.36,$416.16,$406.30,76
10/30/2024,$432.53,29749150,$437.44,$438.50,$432.10,77
10/29/2024,$431.95,17644080,$428.00,$433.17,$425.80,78
10/28/2024,$426.59,14882440,$431.66,$431.94,$426.30,79
10/25/2024,$428.15,16899060,$426.76,$432.52,$426.57,80
10/24/2024,$424.73,13581630,$425.33,$425.98,$422.40,81
10/23/2024,$424.60,19654380,$430.86,$431.08,$422.53,82
10/22/2024,$427.51,25482200,$418.49,$430.58,$418.04,83
10/21/2024,$418.78,14206120,$416.12,$418.96,$413.75,84
10/18/2024,$418.16,17145320,$417.14,$419.65,$416.26,85
10/17/2024,$416.72,14820000,$422.36,$422.50,$415.59,86
10/16/2024,$416.12,15508930,$415.17,$416.36,$410.48,87
10/15/2024,$418.74,18900200,$422.18,$422.48,$415.26,88
10/14/2024,$419.14,16653090,$417.77,$424.04,$417.52,89
10/11/2024,$416.32,14144940,$416.14,$417.13,$413.25,90
10/10/2024,$415.84,13848380,$415.23,$417.35,$413.15,91
10/09/2024,$417.46,14974260,$415.86,$420.38,$414.30,92
10/08/2024,$414.71,19229260,$410.90,$415.66,$408.17,93
10/07/2024,$409.54,20919760,$416.00,$417.11,$409.00,94
10/04/2024,$416.06,19190910,$418.24,$419.75,$414.97,95
10/03/2024,$416.54,13686420,$417.63,$419.55,$414.29,96
10/02/2024,$417.13,16582260,$422.58,$422.82,$416.71,97
10/01/2024,$420.69,19092950,$428.45,$428.48,$418.81,98
09/30/2024,$430.30,16854610,$428.21,$430.42,$425.37,99
09/27/2024,$428.02,14896130,$431.52,$431.85,$427.47,100
09/26/2024,$431.31,14492040,$435.09,$435.30,$429.13,101
09/25/2024,$432.11,13396360,$429.83,$433.12,$428.57,102
09/24/2024,$429.17,17015750,$433.00,$433.35,$426.10,103
09/23/2024,$433.51,15128890,$434.28,$436.46,$430.39,104
09/20/2024,$435.27,55167110,$437.22,$439.24,$434.22,105
09/19/2024,$438.69,21706560,$441.23,$441.50,$436.90,106
09/18/2024,$430.81,18898040,$435.00,$436.03,$430.41,107
09/17/2024,$435.15,18874230,$440.23,$441.85,$432.27,108
09/16/2024,$431.34,13834700,$430.60,$433.53,$428.22,109
09/13/2024,$430.59,15874560,$425.83,$431.83,$425.46,110
09/12/2024,$427.00,17418760,$423.31,$427.37,$419.75,111
09/11/2024,$423.04,19266920,$415.50,$423.99,$409.58,112
09/10/2024,$414.20,19594290,$408.20,$416.33,$407.70,113
09/09/2024,$405.72,15295130,$407.24,$408.65,$402.15,114
09/06/2024,$401.70,19609530,$409.06,$410.65,$400.80,115
09/05/2024,$408.39,14195520,$407.62,$413.10,$406.13,116
09/04/2024,$408.90,15135810,$405.91,$411.24,$404.37,117
09/03/2024,$409.44,20313600,$417.91,$419.88,$407.03,118
08/30/2024,$417.14,24308320,$415.60,$417.49,$412.13,119
08/29/2024,$413.12,17045240,$414.94,$422.05,$410.60,120
08/28/2024,$410.60,14882660,$414.88,$415.00,$407.31,121
08/27/2024,$413.84,13492910,$412.86,$414.36,$410.25,122
08/26/2024,$413.49,13152830,$416.37,$417.28,$411.34,123
08/23/2024,$416.79,18493780,$416.98,$419.26,$412.09,124
08/22/2024,$415.55,19361900,$424.36,$426.79,$414.61,125
08/21/2024,$424.14,16067300,$424.08,$426.40,$421.72,126
08/20/2024,$424.80,16387580,$421.70,$425.86,$421.64,127
08/19/2024,$421.53,15233960,$418.96,$421.75,$416.46,128
08/16/2024,$418.47,22775590,$420.60,$421.34,$417.30,129
08/15/2024,$421.03,20752140,$419.80,$421.11,$417.66,130
08/14/2024,$416.86,18266980,$414.80,$417.72,$412.45,131
08/13/2024,$414.01,19414270,$409.59,$414.95,$409.57,132
08/12/2024,$406.81,16762880,$407.06,$408.76,$404.24,133
08/09/2024,$406.02,19276670,$404.03,$408.05,$402.26,134
08/08/2024,$402.69,20203030,$402.44,$405.86,$399.94,135
08/07/2024,$398.43,20650910,$408.64,$410.08,$397.47,136
08/06/2024,$399.61,24946530,$400.00,$405.67,$398.50,137
08/05/2024,$395.15,40709240,$389.17,$401.04,$385.58,138
08/02/2024,$408.49,29437900,$412.49,$415.00,$404.34,139
08/01/2024,$417.11,30296400,$420.79,$427.46,$413.09,140
07/31/2024,$418.35,42891370,$420.50,$421.78,$412.21,141
07/30/2024,$422.92,32687580,$427.72,$429.05,$417.36,142
07/29/2024,$426.73,15125840,$431.58,$432.15,$424.70,143
07/26/2024,$425.27,23583840,$418.20,$428.92,$417.27,144
07/25/2024,$418.40,29943800,$428.80,$429.80,$417.51,145
07/24/2024,$428.90,26805800,$440.45,$441.48,$427.59,146
07/23/2024,$444.85,13107050,$443.90,$448.39,$443.10,147
07/22/2024,$442.94,15808760,$441.79,$444.60,$438.91,148
07/19/2024,$437.11,20940420,$433.10,$441.14,$432.00,149
07/18/2024,$440.37,20794820,$444.34,$444.65,$434.40,150
07/17/2024,$443.52,21754020,$442.59,$444.85,$439.18,151
07/16/2024,$449.52,17175680,$454.22,$454.30,$446.66,152
07/15/2024,$453.96,14429450,$453.30,$457.26,$451.43,153
07/12/2024,$453.55,16324270,$454.33,$456.36,$450.65,154
07/11/2024,$454.70,23111180,$462.98,$464.78,$451.55,155
07/10/2024,$466.25,18196100,$461.22,$466.46,$458.86,156
07/09/2024,$459.54,17228510,$467.00,$467.33,$458.00,157
07/08/2024,$466.24,12962320,$466.55,$467.70,$464.46,158
07/05/2024,$467.56,16000290,$459.61,$468.35,$458.97,159
07/03/2024,$460.77,9932830,$458.19,$461.02,$457.88,160
07/02/2024,$459.28,13979780,$453.20,$459.59,$453.11,161
07/01/2024,$456.73,17662820,$448.66,$457.37,$445.66,162
06/28/2024,$446.95,28362270,$453.07,$455.38,$446.41,163
06/27/2024,$452.85,14806320,$452.18,$456.17,$451.77,164
06/26/2024,$452.16,16507030,$449.00,$453.60,$448.19,165
06/25/2024,$450.95,16747530,$448.25,$451.42,$446.75,166
06/24/2024,$447.67,15913720,$449.80,$452.75,$446.41,167
06/21/2024,$449.78,34486170,$447.38,$450.58,$446.51,168
06/20/2024,$445.70,19877380,$446.30,$446.53,$441.27,169
06/18/2024,$446.34,17112500,$449.71,$450.14,$444.89,170
06/17/2024,$448.37,20790030,$442.59,$450.94,$440.72,171
06/14/2024,$442.57,13581990,$438.28,$443.14,$436.72,172
06/13/2024,$441.58,15960570,$440.85,$443.39,$439.37,173
06/12/2024,$441.06,22366230,$435.32,$443.40,$433.25,174
06/11/2024,$432.68,14551100,$425.48,$432.82,$425.25,175
06/10/2024,$427.87,14003030,$424.70,$428.08,$423.89,176
06/07/2024,$423.85,13621650,$426.20,$426.28,$423.00,177
06/06/2024,$424.52,14861250,$424.01,$425.31,$420.58,178
06/05/2024,$424.01,16988040,$417.81,$424.08,$416.30,179
06/04/2024,$416.07,14348920,$412.43,$416.44,$409.68,180
06/03/2024,$413.52,17484680,$415.53,$416.43,$408.92,181
05/31/2024,$415.13,47995250,$416.75,$416.75,$404.51,182
05/30/2024,$414.67,28424850,$424.30,$424.30,$414.24,183
05/29/2024,$429.17,15517130,$425.69,$430.94,$425.69,184
05/28/2024,$430.32,15718020,$429.63,$430.82,$426.60,185
05/24/2024,$430.16,11855290,$427.19,$431.06,$424.41,186
05/23/2024,$427.00,17211690,$432.97,$433.60,$425.42,187
05/22/2024,$430.52,18073700,$430.09,$432.41,$427.13,188
05/21/2024,$429.04,21453260,$426.83,$432.97,$424.85,189
05/20/2024,$425.34,16272140,$420.21,$426.77,$419.99,190
05/17/2024,$420.21,15352240,$422.54,$422.92,$418.03,191
05/16/2024,$420.99,17530050,$421.80,$425.42,$420.35,192
05/15/2024,$423.08,22239530,$417.90,$423.81,$417.27,193
05/14/2024,$416.56,15109310,$412.02,$417.49,$411.55,194
05/13/2024,$413.72,15440230,$418.01,$418.35,$410.82,195
05/10/2024,$414.74,13402280,$412.94,$415.38,$411.80,196
05/09/2024,$412.32,14689730,$410.57,$412.72,$409.10,197
05/08/2024,$410.54,11792310,$408.17,$412.23,$406.71,198
05/07/2024,$409.34,20018230,$414.66,$414.67,$409.09,199
05/06/2024,$413.54,16996640,$408.76,$413.93,$406.37,200
05/03/2024,$406.66,17446720,$402.28,$407.15,$401.86,201
05/02/2024,$397.84,17709360,$397.66,$399.93,$394.65,202
05/01/2024,$394.94,23562480,$392.61,$401.72,$390.31,203
04/30/2024,$389.33,28781370,$401.49,$402.16,$389.17,204
04/29/2024,$402.25,19582090,$405.25,$406.32,$399.19,205
04/26/2024,$406.32,29694650,$412.17,$413.00,$405.76,206
04/25/2024,$399.04,40586450,$394.03,$399.89,$388.03,207
04/24/2024,$409.06,15065330,$409.56,$412.47,$406.78,208
04/23/2024,$407.57,15734500,$404.24,$408.20,$403.06,209
04/22/2024,$400.96,20286880,$400.08,$402.85,$395.75,210
04/19/2024,$399.12,30565790,$404.03,$405.48,$397.77,211
04/18/2024,$404.27,21029920,$410.63,$411.89,$403.95,212
04/17/2024,$411.84,15855490,$417.25,$418.88,$410.33,213
04/16/2024,$414.58,16765620,$414.57,$418.40,$413.73,214
04/15/2024,$413.64,20273540,$426.60,$426.82,$413.43,215
04/12/2024,$421.90,19253750,$424.05,$425.18,$419.77,216
04/11/2024,$427.93,17966420,$425.82,$429.37,$422.36,217
04/10/2024,$423.26,16216580,$422.19,$424.03,$419.70,218
04/09/2024,$426.28,12512290,$426.44,$427.74,$421.62,219
04/08/2024,$424.59,14272390,$425.17,$427.28,$423.30,220
04/05/2024,$425.52,16554760,$420.01,$426.51,$418.32,221
04/04/2024,$417.88,19370880,$424.99,$428.67,$417.57,222
04/03/2024,$420.45,16502260,$419.73,$423.26,$419.09,223
04/02/2024,$421.44,17911990,$420.11,$422.38,$417.84,224
04/01/2024,$424.57,16315960,$423.95,$427.89,$422.22,225
03/28/2024,$420.72,21871160,$420.96,$421.87,$419.12,226
03/27/2024,$421.43,16704980,$424.44,$424.45,$419.01,227
03/26/2024,$421.65,16725650,$425.61,$425.99,$421.35,228
03/25/2024,$422.86,18060450,$425.24,$427.41,$421.61,229
03/22/2024,$428.74,17648470,$429.70,$429.86,$426.07,230
03/21/2024,$429.37,21296220,$429.83,$430.82,$427.16,231
03/20/2024,$425.23,17860090,$422.00,$425.96,$420.66,232
03/19/2024,$421.41,19837920,$417.83,$421.67,$415.55,233
03/18/2024,$417.32,20105980,$414.25,$420.73,$413.78,234
03/15/2024,$416.42,45079900,$419.29,$422.60,$412.79,235
03/14/2024,$425.22,34157300,$420.24,$427.82,$417.99,236
03/13/2024,$415.10,17115930,$418.10,$418.18,$411.45,237
03/12/2024,$415.28,22457000,$407.62,$415.57,$406.79,238
03/11/2024,$404.52,16120750,$403.76,$405.68,$401.26,239
03/08/2024,$406.22,18002190,$407.96,$410.42,$404.33,240
03/07/2024,$409.14,18718480,$406.12,$409.78,$402.24,241
03/06/2024,$402.09,22344150,$402.97,$405.16,$398.39,242
03/05/2024,$402.65,26919180,$413.96,$414.25,$400.64,243
03/04/2024,$414.92,17595960,$413.44,$417.35,$412.32,244
03/01/2024,$415.50,17823450,$411.27,$415.87,$410.88,245
02/29/2024,$413.64,31947260,$408.64,$414.20,$405.92,246
02/28/2024,$407.72,13183130,$408.18,$409.30,$405.32,247
02/27/2024,$407.48,14835830,$407.99,$408.32,$403.85,248
02/26/2024,$407.54,16193510,$411.46,$412.16,$407.36,249
02/23/2024,$410.34,16295880,$415.67,$415.86,$408.97,250
02/22/2024,$411.65,27009870,$410.19,$412.83,$408.57,251
02/21/2024,$402.18,18631070,$400.17,$402.29,$397.22,252
02/20/2024,$402.79,24307920,$403.24,$404.49,$398.01,253
02/16/2024,$404.06,22296500,$407.96,$408.29,$403.44,254
02/15/2024,$406.56,21825530,$408.14,$409.13,$404.29,255
02/14/2024,$409.49,20401190,$408.07,$409.84,$404.57,256
02/13/2024,$406.32,27824940,$404.94,$410.07,$403.39,257
02/12/2024,$415.26,21202920,$420.56,$420.74,$414.75,258
02/09/2024,$420.55,22032840,$415.25,$420.82,$415.09,259
02/08/2024,$414.11,21225260,$414.05,$415.56,$412.53,260
02/07/2024,$414.05,22340530,$407.44,$414.30,$407.40,261
02/06/2024,$405.49,18382620,$405.88,$407.97,$402.91,262
02/05/2024,$405.65,25352290,$409.90,$411.16,$403.99,263
02/02/2024,$411.22,28256670,$403.81,$412.65,$403.56,264
02/01/2024,$403.78,30657730,$401.83,$408.00,$401.80,265
01/31/2024,$397.58,47871100,$406.96,$415.32,$397.21,266
01/30/2024,$408.59,33477610,$412.26,$413.05,$406.45,267
01/29/2024,$409.72,24510240,$406.06,$409.98,$404.33,268
01/26/2024,$403.93,17803270,$404.37,$406.17,$402.43,269
01/25/2024,$404.87,21021160,$404.32,$407.01,$402.53,270
01/24/2024,$402.56,24866950,$401.54,$405.63,$400.45,271
01/23/2024,$398.90,20525880,$395.75,$399.38,$393.93,272
01/22/2024,$396.51,27016900,$400.02,$400.62,$393.59,273
01/19/2024,$398.67,29331140,$395.76,$398.67,$393.50,274
01/18/2024,$393.87,23392070,$391.72,$393.99,$390.12,275
01/17/2024,$389.47,22234110,$387.98,$390.11,$384.81,276
01/16/2024,$390.27,27202270,$393.66,$394.03,$387.62,277
01/12/2024,$388.47,21661150,$385.49,$388.68,$384.65,278
01/11/2024,$384.63,27850850,$386.00,$390.68,$380.38,279
01/10/2024,$382.77,25514250,$376.37,$384.17,$376.32,280
01/09/2024,$375.79,20829950,$372.01,$375.99,$371.19,281
01/08/2024,$374.69,23133970,$369.30,$375.20,$369.01,282
01/05/2024,$367.75,21004580,$368.97,$372.06,$366.50,283
01/04/2024,$367.94,20901500,$370.67,$373.10,$367.17,284
01/03/2024,$370.60,23083470,$369.01,$373.26,$368.51,285
01/02/2024,$370.87,25258630,$373.86,$375.90,$366.77,286
12/29/2023,$376.04,18730840,$376.00,$377.16,$373.48,287
12/28/2023,$375.28,14327010,$375.37,$376.46,$374.16,288
12/27/2023,$374.07,14905410,$373.69,$375.06,$372.81,289
12/26/2023,$374.66,12673050,$375.00,$376.94,$373.50,290
12/22/2023,$374.58,17107480,$373.68,$375.18,$372.71,291
12/21/2023,$373.54,17708010,$372.56,$374.41,$370.04,292
12/20/2023,$370.62,26316650,$375.00,$376.03,$370.53,293
12/19/2023,$373.26,20603660,$371.49,$373.26,$369.84,294
12/18/2023,$372.65,21802880,$369.45,$373.00,$368.68,295
12/15/2023,$370.73,78502320,$366.85,$372.40,$366.28,296
12/14/2023,$365.93,43277460,$373.31,$373.76,$364.13,297
12/13/2023,$374.37,30955530,$376.02,$377.64,$370.77,298
12/12/2023,$374.38,24838250,$370.85,$374.42,$370.46,299
12/11/2023,$371.30,27708760,$368.48,$371.60,$366.10,300
12/08/2023,$374.23,20154370,$369.20,$374.46,$368.23,301
12/07/2023,$370.95,23118860,$368.23,$371.45,$366.32,302
12/06/2023,$368.80,21182070,$373.54,$374.18,$368.03,303
12/05/2023,$372.52,23065040,$366.45,$373.08,$365.62,304
12/04/2023,$369.14,32063310,$369.10,$369.52,$362.90,305
12/01/2023,$374.51,33040470,$376.76,$378.16,$371.31,306
11/30/2023,$378.91,30554420,$378.49,$380.09,$375.47,307
11/29/2023,$378.85,28963400,$383.76,$384.30,$377.44,308
11/28/2023,$382.70,20453110,$378.35,$383.00,$378.16,309
11/27/2023,$378.61,22179230,$376.78,$380.64,$376.20,310
11/24/2023,$377.43,10176650,$377.33,$377.97,$375.14,311
11/22/2023,$377.85,23361180,$378.00,$379.79,$374.97,312
11/21/2023,$373.07,28423150,$375.67,$376.22,$371.12,313
11/20/2023,$377.44,52528960,$371.22,$378.87,$371.00,314
11/17/2023,$369.85,40325370,$373.61,$374.37,$367.00,315
11/16/2023,$376.17,27182320,$370.96,$376.35,$370.18,316
11/15/2023,$369.67,26860100,$371.28,$373.13,$367.11,317
11/14/2023,$370.27,27683860,$371.01,$371.95,$367.35,318
11/13/2023,$366.68,19986510,$368.22,$368.47,$365.90,319
11/10/2023,$369.67,28065160,$361.49,$370.10,$361.07,320
11/09/2023,$360.69,24847330,$362.30,$364.79,$360.36,321
11/08/2023,$363.20,26767830,$361.68,$363.87,$360.55,322
11/07/2023,$360.53,25833930,$359.40,$362.46,$357.63,323
11/06/2023,$356.53,23828300,$353.45,$357.54,$353.35,324
11/03/2023,$352.80,23637670,$349.63,$354.39,$347.33,325
11/02/2023,$348.32,24348070,$347.24,$348.83,$344.77,326
11/01/2023,$346.07,28158820,$339.79,$347.42,$339.65,327
10/31/2023,$338.11,20265280,$338.85,$339.00,$334.69,328
10/30/2023,$337.31,22828080,$333.41,$339.45,$331.83,329
10/27/2023,$329.81,29856520,$330.43,$336.72,$328.40,330
10/26/2023,$327.89,37828540,$340.54,$341.63,$326.94,331
10/25/2023,$340.67,55053830,$345.02,$346.20,$337.62,332
10/24/2023,$330.53,31153570,$331.30,$331.84,$327.60,333
10/23/2023,$329.32,24374750,$325.47,$332.73,$324.39,334
10/20/2023,$326.67,25027720,$331.72,$331.92,$325.45,335
10/19/2023,$331.32,25052070,$332.15,$336.88,$330.91,336
10/18/2023,$330.11,23153600,$332.49,$335.59,$328.30,337
10/17/2023,$332.06,18338520,$329.59,$333.46,$327.41,338
10/16/2023,$332.64,22158050,$331.05,$336.14,$330.60,339
10/13/2023,$327.73,21085700,$332.38,$333.83,$326.36,340
10/12/2023,$331.16,19313100,$330.57,$333.63,$328.72,341
10/11/2023,$332.42,20063250,$331.21,$332.82,$329.14,342
10/10/2023,$328.39,20557090,$330.96,$331.10,$327.67,343
10/09/2023,$329.82,19891180,$324.75,$330.30,$323.18,344
10/06/2023,$327.26,25673630,$316.55,$329.19,$316.30,345
10/05/2023,$319.36,16965630,$319.09,$319.98,$314.90,346
10/04/2023,$318.96,20720140,$314.03,$320.04,$314.00,347
10/03/2023,$313.39,21033490,$320.83,$321.39,$311.22,348
10/02/2023,$321.80,20570010,$316.28,$321.89,$315.18,349
09/29/2023,$315.75,24147300,$317.75,$319.47,$314.98,350
09/28/2023,$313.64,19683560,$310.99,$315.48,$309.45,351
09/27/2023,$312.79,19410080,$312.30,$314.30,$309.69,352
09/26/2023,$312.14,26297570,$315.13,$315.88,$310.02,353
09/25/2023,$317.54,17835960,$316.59,$317.67,$315.00,354
09/22/2023,$317.01,21447890,$321.32,$321.45,$316.15,355
09/21/2023,$319.53,35560360,$319.26,$325.35,$315.00,356
09/20/2023,$320.77,21436530,$329.51,$329.59,$320.51,357
09/19/2023,$328.65,16514490,$326.17,$329.39,$324.51,358
09/18/2023,$329.06,16834210,$327.80,$330.40,$326.36,359
09/15/2023,$330.22,37679790,$336.92,$337.40,$329.65,360
09/14/2023,$338.70,20267050,$339.15,$340.86,$336.57,361
09/13/2023,$336.06,16544410,$331.31,$336.85,$331.17,362
09/12/2023,$331.77,17565480,$335.82,$336.79,$331.48,363
09/11/2023,$337.94,16583320,$337.24,$338.42,$335.43,364
09/08/2023,$334.27,19548170,$330.09,$336.16,$329.46,365
09/07/2023,$329.91,18381000,$331.29,$333.08,$329.03,366
09/06/2023,$332.88,17535770,$333.38,$334.46,$330.18,367
09/05/2023,$333.55,18553860,$329.00,$334.85,$328.66,368
09/01/2023,$328.66,14942020,$331.31,$331.99,$326.78,369
08/31/2023,$327.76,26410950,$329.20,$330.91,$326.78,370
08/30/2023,$328.79,15222110,$328.67,$329.81,$326.45,371
08/29/2023,$328.41,19284590,$321.88,$328.98,$321.88,372
08/28/2023,$323.70,14808480,$325.66,$326.15,$321.72,373
08/25/2023,$322.98,21684100,$321.47,$325.36,$318.80,374
08/24/2023,$319.97,23281430,$332.85,$332.98,$319.96,375
08/23/2023,$327.00,21166380,$323.82,$329.20,$323.46,376
08/22/2023,$322.46,16102020,$325.50,$326.08,$321.46,377
08/21/2023,$321.88,24039960,$317.93,$322.77,$317.04,378
08/18/2023,$316.48,24755010,$314.49,$318.38,$311.55,379
08/17/2023,$316.88,21257160,$320.54,$321.87,$316.21,380
08/16/2023,$320.40,20698860,$320.80,$324.42,$319.80,381
08/15/2023,$321.86,16966290,$323.00,$325.09,$320.90,382
08/14/2023,$324.04,18836140,$321.39,$324.06,$320.08,383
08/11/2023,$321.01,24355490,$320.26,$322.41,$319.21,384
08/10/2023,$322.93,20113730,$326.02,$328.26,$321.18,385
08/09/2023,$322.23,22373270,$326.47,$327.11,$321.05,386
08/08/2023,$326.05,22327570,$326.96,$328.75,$323.00,387
08/07/2023,$330.11,17741530,$328.37,$331.11,$327.52,388
08/04/2023,$327.78,23741480,$331.88,$335.14,$327.24,389
08/03/2023,$326.66,18360350,$326.00,$329.88,$325.95,390
08/02/2023,$327.50,27761260,$333.63,$333.63,$326.36,391
08/01/2023,$336.34,18381250,$335.19,$338.54,$333.70,392
07/31/2023,$335.92,25446020,$336.92,$337.70,$333.36,393
07/28/2023,$338.37,28484870,$333.67,$340.01,$333.17,394
07/27/2023,$330.72,39635260,$340.48,$341.33,$329.05,395
07/26/2023,$337.77,58383700,$341.44,$344.67,$333.11,396
07/25/2023,$350.98,41637740,$347.11,$351.89,$345.07,397
07/24/2023,$345.11,26719210,$345.85,$346.92,$342.31,398
07/21/2023,$343.77,69405380,$349.15,$350.30,$339.83,399
07/20/2023,$346.87,33778400,$353.57,$357.97,$345.37,400
07/19/2023,$355.08,39732900,$361.75,$362.46,$352.44,401
07/18/2023,$359.49,64872710,$345.83,$366.78,$342.17,402
07/17/2023,$345.73,20363930,$345.68,$346.99,$342.20,403
07/14/2023,$345.24,28352730,$347.59,$351.43,$344.31,404
07/13/2023,$342.66,20567160,$339.56,$343.74,$339.02,405
07/12/2023,$337.20,29995260,$336.60,$341.65,$335.67,406
07/11/2023,$332.47,26698220,$331.06,$332.86,$327.00,407
07/10/2023,$331.83,32791450,$334.60,$335.23,$327.59,408
07/07/2023,$337.22,21214820,$339.32,$341.79,$337.00,409
07/06/2023,$341.27,28195530,$337.30,$342.99,$335.50,410
07/05/2023,$338.15,18172380,$335.09,$341.65,$334.73,411
07/03/2023,$337.99,12484240,$339.19,$340.90,$336.57,412
06/30/2023,$340.54,26832760,$337.75,$342.73,$337.20,413
06/29/2023,$335.05,16997040,$334.71,$336.11,$332.62,414
06/28/2023,$335.85,20259520,$334.66,$337.98,$333.81,415
06/27/2023,$334.57,24354110,$331.86,$336.15,$329.30,416
06/26/2023,$328.60,21520580,$333.72,$336.11,$328.49,417
06/23/2023,$335.02,23146900,$334.36,$337.96,$333.45,418
06/22/2023,$339.71,23556760,$334.12,$340.12,$333.34,419
06/21/2023,$333.56,25117800,$336.37,$337.73,$332.07,420
06/20/2023,$338.05,26375410,$339.31,$342.08,$335.86,421
06/16/2023,$342.33,46551990,$351.32,$351.47,$341.95,422
06/15/2023,$348.10,38899080,$337.48,$349.84,$337.20,423
06/14/2023,$337.34,26003790,$334.34,$339.04,$332.81,424
06/13/2023,$334.29,22951280,$334.47,$336.98,$330.39,425
06/12/2023,$331.85,24306750,$328.58,$332.10,$325.16,426
06/09/2023,$326.79,22528950,$324.99,$329.99,$324.41,427
06/08/2023,$325.26,23277710,$323.94,$326.64,$323.35,428
06/07/2023,$323.38,40717130,$331.65,$334.49,$322.50,429
06/06/2023,$333.68,20396220,$335.33,$335.37,$332.17,430
06/05/2023,$335.94,21307050,$335.22,$338.56,$334.66,431
06/02/2023,$335.40,25873770,$334.25,$337.50,$332.55,432
06/01/2023,$332.58,26773850,$325.93,$333.53,$324.72,433
05/31/2023,$328.39,45950550,$332.29,$335.94,$327.33,434
05/30/2023,$331.21,29503070,$335.23,$335.74,$330.52,435
05/26/2023,$332.89,36630630,$324.02,$333.40,$323.88,436
05/25/2023,$325.92,43301740,$323.24,$326.90,$320.00,437
05/24/2023,$313.85,23384890,$314.73,$316.50,$312.61,438
05/23/2023,$315.26,30797170,$320.03,$322.72,$315.25,439
05/22/2023,$321.18,24115660,$318.60,$322.59,$318.01,440
05/19/2023,$318.34,27546700,$316.74,$318.75,$316.37,441
05/18/2023,$318.52,27275990,$314.53,$319.04,$313.72,442
05/17/2023,$314.00,24315010,$312.29,$314.43,$310.74,443
05/16/2023,$311.74,26730350,$309.83,$313.71,$309.83,444
05/15/2023,$309.46,16336550,$309.10,$309.91,$307.59,445
05/12/2023,$308.97,19774700,$310.55,$310.65,$306.60,446
05/11/2023,$310.11,31680180,$310.10,$311.12,$306.26,447
05/10/2023,$312.31,30078040,$308.62,$313.00,$307.67,448
05/09/2023,$307.00,21340830,$308.00,$310.04,$306.31,449
05/08/2023,$308.65,21318610,$310.13,$310.20,$306.09,450
05/05/2023,$310.65,28197050,$305.72,$311.97,$304.27,451
05/04/2023,$305.41,22519910,$306.24,$307.76,$303.40,452
05/03/2023,$304.40,22360750,$306.62,$308.61,$304.09,453
05/02/2023,$305.41,26404430,$307.76,$309.18,$303.91,454
05/01/2023,$305.56,21294120,$306.97,$308.60,$305.15,455
04/28/2023,$307.26,36469610,$304.01,$308.93,$303.31,456
04/27/2023,$304.83,46462640,$295.97,$305.20,$295.25,457
04/26/2023,$295.37,64599180,$296.70,$299.57,$292.73,458
04/25/2023,$275.42,45772240,$279.51,$281.60,$275.37,459
04/24/2023,$281.77,26611010,$282.09,$284.95,$278.72,460
04/21/2023,$285.76,21676390,$285.01,$286.27,$283.06,461
04/20/2023,$286.11,23244360,$285.25,$289.03,$285.08,462
04/19/2023,$288.45,17150270,$285.99,$289.05,$284.54,463
04/18/2023,$288.37,20161850,$291.57,$291.76,$287.01,464
04/17/2023,$288.80,23836220,$289.93,$291.60,$286.16,465
04/14/2023,$286.14,20987920,$287.00,$288.48,$283.69,466
04/13/2023,$289.84,24222680,$283.59,$289.90,$283.17,467
04/12/2023,$283.49,27403430,$284.79,$287.01,$281.96,468
04/11/2023,$282.83,27276590,$285.75,$285.98,$281.64,469
04/10/2023,$289.39,23102990,$289.21,$289.60,$284.71,470
04/06/2023,$291.60,29770330,$283.21,$292.08,$282.03,471
04/05/2023,$284.34,22064770,$285.85,$287.15,$282.92,472
04/04/2023,$287.18,25824300,$287.23,$290.45,$285.67,473
04/03/2023,$287.23,24883340,$286.52,$288.27,$283.95,474
03/31/2023,$288.30,32765980,$283.73,$289.27,$283.00,475
03/30/2023,$284.05,25053410,$284.23,$284.46,$281.48,476
03/29/2023,$280.51,25087030,$278.96,$281.14,$278.41,477
03/28/2023,$275.23,21878650,$275.79,$276.14,$272.05,478
03/27/2023,$276.38,26840210,$280.50,$281.46,$275.52,479
03/24/2023,$280.57,28199960,$277.24,$280.63,$275.28,480
03/23/2023,$277.66,36610880,$277.94,$281.06,$275.20,481
03/22/2023,$272.29,34873330,$273.40,$281.04,$272.18,482
03/21/2023,$273.78,34558700,$274.88,$275.00,$269.52,483
03/20/2023,$272.23,43466650,$276.98,$277.48,$269.85,484
03/17/2023,$279.43,69527370,$278.26,$283.33,$276.32,485
03/16/2023,$276.20,54832140,$265.21,$276.56,$263.28,486
03/15/2023,$265.44,46028050,$259.98,$266.48,$259.21,487
03/14/2023,$260.79,33620290,$256.75,$261.07,$255.86,488
03/13/2023,$253.92,33339720,$247.40,$257.91,$245.73,489
03/10/2023,$248.59,28333930,$251.08,$252.79,$247.60,490
03/09/2023,$252.32,26653390,$255.82,$259.56,$251.58,491
03/08/2023,$253.70,17340220,$254.04,$254.54,$250.81,492
03/07/2023,$254.15,21473180,$256.30,$257.69,$253.39,493
03/06/2023,$256.87,24109850,$256.43,$260.12,$255.98,494
03/03/2023,$255.29,30760140,$252.19,$255.62,$251.39,495
03/02/2023,$251.11,24833650,$246.55,$251.40,$245.61,496
03/01/2023,$246.27,27565260,$250.76,$250.93,$245.79,497
02/28/2023,$249.42,22490950,$249.07,$251.49,$248.73,498
02/27/2023,$250.16,21190040,$252.46,$252.82,$249.39,499
02/24/2023,$249.22,24990910,$249.96,$251.00,$248.10,500
02/23/2023,$254.77,29219100,$255.56,$256.84,$250.48,501
02/22/2023,$251.51,22491060,$254.09,$254.34,$250.34,502
02/21/2023,$252.67,28397440,$254.48,$255.49,$251.59,503
02/17/2023,$258.06,30000060,$259.39,$260.09,$256.00,504
02/16/2023,$262.15,29603620,$264.02,$266.74,$261.90,505
02/15/2023,$269.32,28962160,$268.32,$270.73,$266.18,506
02/14/2023,$272.17,37047920,$272.67,$274.97,$269.28,507
02/13/2023,$271.32,44630920,$267.64,$274.60,$267.15,508
02/10/2023,$263.10,25818490,$261.53,$264.09,$260.66,509
02/09/2023,$263.62,42375100,$273.80,$273.98,$262.80,510
02/08/2023,$266.73,54686050,$273.20,$276.76,$266.21,511
02/07/2023,$267.56,50841370,$260.53,$268.78,$260.08,512
02/06/2023,$256.77,22518000,$257.44,$258.30,$254.78,513
02/03/2023,$258.35,29077260,$259.54,$264.20,$257.10,514
02/02/2023,$264.60,39940440,$258.82,$264.69,$257.25,515
02/01/2023,$252.75,31259910,$248.00,$255.18,$245.47,516
01/31/2023,$247.81,26541070,$243.45,$247.95,$242.95,517
01/30/2023,$242.71,25867370,$244.51,$245.60,$242.20,518
01/27/2023,$248.16,26498940,$248.99,$249.83,$246.83,519
01/26/2023,$248.00,33454490,$243.65,$248.31,$242.00,520
01/25/2023,$240.61,66526640,$234.48,$243.30,$230.90,521
01/24/2023,$242.04,40234440,$242.50,$243.95,$240.44,522
01/23/2023,$242.58,31933950,$241.10,$245.17,$239.65,523
01/20/2023,$240.22,35389810,$234.86,$240.74,$234.51,524
01/19/2023,$231.93,28623030,$233.78,$235.52,$230.68,525
01/18/2023,$235.81,30028690,$241.57,$242.38,$235.52,526
01/17/2023,$240.35,29831260,$237.97,$240.91,$237.09,527
01/13/2023,$239.23,21333270,$237.00,$239.37,$234.92,528
01/12/2023,$238.51,27269490,$235.26,$239.90,$233.56,529
01/11/2023,$235.77,28669330,$231.29,$235.95,$231.11,530
01/10/2023,$228.85,27033880,$227.76,$231.31,$227.33,531
01/09/2023,$227.12,27369780,$226.45,$231.24,$226.41,532
01/06/2023,$224.93,43613570,$223.00,$225.76,$219.35,533
01/05/2023,$222.31,39585620,$227.20,$227.55,$221.76,534
01/04/2023,$229.10,50623390,$232.28,$232.87,$225.96,535
01/03/2023,$239.58,25740040,$243.08,$245.75,$237.40,536
12/30/2022,$239.82,21938470,$238.21,$239.96,$236.66,537
12/29/2022,$241.01,19770690,$235.65,$241.92,$235.65,538
12/28/2022,$234.53,17457100,$236.89,$239.72,$234.17,539
12/27/2022,$236.96,16688650,$238.70,$238.93,$235.83,540
12/23/2022,$238.73,21206980,$236.11,$238.87,$233.94,541
12/22/2022,$238.19,28651660,$241.26,$241.99,$233.87,542
12/21/2022,$244.43,23690610,$241.69,$245.62,$240.11,543
12/20/2022,$241.80,25150800,$239.40,$242.91,$238.42,544
12/19/2022,$240.45,29696440,$244.86,$245.21,$238.71,545
12/16/2022,$244.69,86101990,$248.55,$249.84,$243.51,546
12/15/2022,$249.01,35568090,$253.72,$254.20,$247.34,547
12/14/2022,$257.22,35410930,$257.13,$262.59,$254.31,548
12/13/2022,$256.92,42196880,$261.69,$263.92,$253.07,549
12/12/2022,$252.51,30665070,$247.45,$252.54,$247.17,550
12/09/2022,$245.42,20609740,$244.70,$248.31,$244.16,551
12/08/2022,$247.40,22611760,$244.84,$248.74,$243.06,552
12/07/2022,$244.37,20481520,$244.83,$246.16,$242.21,553
12/06/2022,$245.12,22463730,$250.82,$251.86,$243.78,554
12/05/2022,$250.20,23435290,$252.01,$253.82,$248.06,555
12/02/2022,$255.02,21528520,$249.82,$256.06,$249.69,556
12/01/2022,$254.69,26041520,$253.87,$256.12,$250.92,557
11/30/2022,$255.14,47594240,$240.57,$255.33,$239.86,558
11/29/2022,$240.33,17956310,$241.40,$242.79,$238.21,559
11/28/2022,$241.76,24810270,$246.08,$246.65,$240.80,560
11/25/2022,$247.49,9200772,$247.31,$248.70,$246.73,561
11/23/2022,$247.58,19508460,$245.11,$248.28,$244.27,562
11/22/2022,$245.03,19665700,$243.59,$245.31,$240.71,563
11/21/2022,$242.05,26394700,$241.43,$244.67,$241.19,564
11/18/2022,$241.22,27613520,$243.51,$243.74,$239.03,565
11/17/2022,$241.68,23123540,$237.78,$243.25,$237.63,566
11/16/2022,$241.73,24093270,$242.79,$243.80,$240.42,567
11/15/2022,$241.97,31390120,$245.66,$247.00,$240.03,568
11/14/2022,$241.55,31123340,$241.99,$243.91,$239.21,569
11/11/2022,$247.11,34620250,$242.99,$247.99,$241.93,570
11/10/2022,$242.98,46268020,$235.43,$243.33,$235.00,571
11/09/2022,$224.51,27852910,$227.37,$228.63,$224.33,572
11/08/2022,$228.87,28192550,$228.70,$231.65,$225.84,573
11/07/2022,$227.87,33497980,$221.99,$228.41,$221.28,574
11/04/2022,$221.39,36789060,$217.55,$221.59,$213.43,575
11/03/2022,$214.25,36633920,$220.09,$220.41,$213.98,576
11/02/2022,$220.10,38407010,$229.46,$231.30,$220.04,577
11/01/2022,$228.17,30592270,$234.60,$235.74,$227.33,578
10/31/2022,$232.13,28357270,$233.76,$234.92,$231.15,579
10/28/2022,$235.87,40647720,$226.24,$236.60,$226.05,580
10/27/2022,$226.75,40424650,$231.04,$233.69,$225.78,581
10/26/2022,$231.32,82684850,$231.17,$238.30,$230.06,582
10/25/2022,$250.66,34775510,$247.26,$251.04,$245.83,583
10/24/2022,$247.25,24911210,$243.76,$247.84,$241.30,584
10/21/2022,$242.12,26299730,$234.74,$243.00,$234.50,585
10/20/2022,$236.15,21811020,$235.77,$241.31,$234.87,586
10/19/2022,$236.48,19985700,$237.04,$239.61,$234.29,587
10/18/2022,$238.50,26329590,$243.24,$243.93,$235.37,588
10/17/2022,$237.53,28142270,$235.82,$238.96,$235.14,589
10/14/2022,$228.56,30198590,$235.54,$237.24,$228.34,590
10/13/2022,$234.24,42551820,$219.85,$236.10,$219.13,591
10/12/2022,$225.75,21903940,$225.40,$227.86,$223.96,592
10/11/2022,$225.41,30473950,$227.62,$229.06,$224.11,593
10/10/2022,$229.25,29743610,$233.05,$234.56,$226.73,594
10/07/2022,$234.24,37769600,$240.90,$241.32,$233.17,595
10/06/2022,$246.79,20239890,$247.93,$250.34,$246.08,596
10/05/2022,$249.20,20347140,$245.99,$250.58,$244.10,597
10/04/2022,$248.88,34888420,$245.09,$250.36,$244.98,598
10/03/2022,$240.74,28880360,$235.41,$241.61,$234.66,599
09/30/2022,$232.90,35694830,$238.29,$240.54,$232.73,600
09/29/2022,$237.50,27484230,$238.89,$239.95,$234.41,601
09/28/2022,$241.07,29029680,$236.81,$242.33,$234.73,602
09/27/2022,$236.41,27018730,$239.98,$241.80,$234.50,603
09/26/2022,$237.45,27694190,$237.05,$241.45,$236.90,604
09/23/2022,$237.92,34176050,$239.54,$241.13,$235.20,605
09/22/2022,$240.98,31061160,$237.87,$243.86,$237.57,606
09/21/2022,$238.95,28625560,$244.27,$247.66,$238.90,607
09/20/2022,$242.45,26660300,$242.07,$243.51,$239.64,608
09/19/2022,$244.52,26826930,$242.47,$245.14,$240.85,609
09/16/2022,$244.74,39791770,$244.26,$245.30,$242.06,610
09/15/2022,$245.38,31530950,$249.77,$251.40,$244.02,611
09/14/2022,$252.22,23912950,$253.53,$254.23,$249.86,612
09/13/2022,$251.99,33353320,$258.84,$260.40,$251.59,613
09/12/2022,$266.65,18747690,$265.78,$267.45,$265.16,614
09/09/2022,$264.46,22093190,$260.50,$265.23,$260.29,615
09/08/2022,$258.52,20319910,$257.51,$260.43,$254.79,616
09/07/2022,$258.09,24126700,$254.70,$258.83,$253.22,617
09/06/2022,$253.25,21328240,$256.20,$257.83,$251.94,618
09/02/2022,$256.06,22855380,$261.70,$264.74,$254.47,619
09/01/2022,$260.40,23263430,$258.87,$260.89,$255.41,620
08/31/2022,$261.47,24791830,$265.39,$267.11,$261.33,621
08/30/2022,$262.97,22767070,$266.67,$267.05,$260.66,622
08/29/2022,$265.23,20338540,$265.85,$267.40,$263.85,623
08/26/2022,$268.09,27549310,$279.08,$280.34,$267.98,624
08/25/2022,$278.85,16583410,$277.33,$279.02,$274.52,625
08/24/2022,$275.79,18137020,$275.41,$277.23,$275.11,626
08/23/2022,$276.44,17527410,$276.44,$278.86,$275.40,627
08/22/2022,$277.75,25061070,$282.08,$282.46,$277.22,628
08/19/2022,$286.15,20570030,$288.90,$289.25,$285.56,629
08/18/2022,$290.17,17186190,$290.19,$291.91,$289.08,630
08/17/2022,$291.32,18253360,$289.74,$293.35,$289.47,631
08/16/2022,$292.71,18102880,$291.99,$294.04,$290.42,632
08/15/2022,$293.47,18085650,$291.00,$294.18,$290.11,633
08/12/2022,$291.91,22619680,$288.48,$291.91,$286.94,634
08/11/2022,$287.02,20065940,$290.85,$291.21,$286.51,635
08/10/2022,$289.16,24687850,$288.17,$289.81,$286.94,636
08/09/2022,$282.30,23405240,$279.64,$283.08,$277.61,637
08/08/2022,$280.32,18757820,$284.05,$285.92,$279.32,638
08/05/2022,$282.91,16774610,$279.15,$283.65,$278.68,639
08/04/2022,$283.65,18098670,$281.80,$283.80,$280.17,640
08/03/2022,$282.47,23518870,$276.76,$283.50,$276.61,641
08/02/2022,$274.82,22754180,$276.00,$277.89,$272.38,642
08/01/2022,$278.01,21539580,$277.82,$281.28,$275.84,643
07/29/2022,$280.74,32152750,$277.70,$282.00,$276.63,644
07/28/2022,$276.41,33459330,$269.75,$277.84,$267.87,645
07/27/2022,$268.74,45994050,$261.16,$270.05,$258.85,646
07/26/2022,$251.90,39347960,$259.86,$259.88,$249.57,647
07/25/2022,$258.83,21056000,$261.00,$261.50,$256.81,648
07/22/2022,$260.36,21881290,$265.24,$265.33,$259.07,649
07/21/2022,$264.84,22404680,$259.79,$264.89,$257.03,650
07/20/2022,$262.27,22788280,$259.90,$264.87,$258.91,651
07/19/2022,$259.53,25012560,$257.58,$259.72,$253.68,652
07/18/2022,$254.25,20975030,$259.75,$260.84,$253.30,653
07/15/2022,$256.72,29774050,$255.72,$260.37,$254.77,654
07/14/2022,$254.08,25102820,$250.57,$255.14,$245.94,655
07/13/2022,$252.72,29497420,$250.19,$253.55,$248.11,656
07/12/2022,$253.67,35868450,$265.88,$265.94,$252.04,657
07/11/2022,$264.51,19519110,$265.65,$266.53,$262.18,658
07/08/2022,$267.66,19658750,$264.79,$268.10,$263.29,659
07/07/2022,$268.40,20859870,$265.12,$269.06,$265.02,660
07/06/2022,$266.21,23824420,$263.75,$267.99,$262.40,661
07/05/2022,$262.85,22971630,$256.16,$262.98,$254.74,662
07/01/2022,$259.58,22837690,$256.39,$259.77,$254.61,663
06/30/2022,$256.83,31730870,$257.05,$259.53,$252.90,664
06/29/2022,$260.26,20069840,$257.59,$261.97,$255.76,665
06/28/2022,$256.48,27380250,$263.98,$266.91,$256.32,666
06/27/2022,$264.89,24615110,$268.21,$268.30,$263.28,667
06/24/2022,$267.70,33923230,$261.81,$267.98,$261.72,668
06/23/2022,$258.86,25861450,$255.57,$259.37,$253.63,669
06/22/2022,$253.13,25961220,$251.89,$257.17,$250.37,670
06/21/2022,$253.74,29928300,$250.26,$254.75,$249.51,671
06/17/2022,$247.65,43084780,$244.70,$250.50,$244.03,672
06/16/2022,$244.97,33169160,$245.98,$247.42,$243.02,673
06/15/2022,$251.76,33111730,$248.31,$255.30,$246.42,674
06/14/2022,$244.49,28651490,$243.86,$245.74,$241.51,675
06/13/2022,$242.26,46135790,$245.11,$249.02,$241.53,676
06/10/2022,$252.99,31445840,$260.58,$260.58,$252.53,677
06/09/2022,$264.79,26439730,$267.78,$272.71,$264.63,678
06/08/2022,$270.41,17372340,$271.71,$273.00,$269.61,679
06/07/2022,$272.50,22860680,$266.64,$273.13,$265.94,680
06/06/2022,$268.75,22400340,$272.06,$274.18,$267.22,681
06/03/2022,$270.02,28058960,$270.31,$273.45,$268.41,682
06/02/2022,$274.58,44008210,$264.45,$274.65,$261.60,683
06/01/2022,$272.42,25292170,$275.20,$277.69,$270.04,684
05/31/2022,$271.87,37827700,$272.53,$274.77,$268.93,685
05/27/2022,$273.24,26910810,$268.48,$273.34,$267.56,686
05/26/2022,$265.90,25002110,$262.27,$267.11,$261.43,687
05/25/2022,$262.52,28547950,$258.14,$264.58,$257.13,688
05/24/2022,$259.62,29043900,$257.89,$261.33,$253.50,689
05/23/2022,$260.65,33175380,$255.49,$261.50,$253.43,690
05/20/2022,$252.56,39199280,$257.24,$258.54,$246.44,691
05/19/2022,$253.14,32692290,$253.90,$257.67,$251.88,692
05/18/2022,$254.08,31355990,$263.00,$263.60,$252.77,693
05/17/2022,$266.82,28828800,$266.11,$268.33,$262.46,694
05/16/2022,$261.50,32550930,$259.96,$265.82,$255.78,695
05/13/2022,$261.12,34925090,$257.35,$263.04,$255.35,696
05/12/2022,$255.35,51033800,$257.69,$259.88,$250.02,697
05/11/2022,$260.55,48975900,$265.68,$271.36,$259.30,698
05/10/2022,$269.50,39336420,$271.69,$273.75,$265.07,699
05/09/2022,$264.58,47725950,$270.06,$272.36,$263.32,700
05/06/2022,$274.73,37780320,$274.81,$279.25,$271.27,701
05/05/2022,$277.35,43260390,$285.54,$286.35,$274.34,702
05/04/2022,$289.98,33599320,$282.59,$290.88,$276.73,703
05/03/2022,$281.78,25978610,$283.96,$284.13,$280.15,704
05/02/2022,$284.47,35151110,$277.71,$284.94,$276.22,705
04/29/2022,$277.52,37073920,$288.61,$289.88,$276.50,706
04/28/2022,$289.63,33646570,$285.19,$290.98,$281.46,707
04/27/2022,$283.22,63477690,$282.10,$290.97,$279.16,708
04/26/2022,$270.22,46518450,$277.50,$278.36,$270.00,709
04/25/2022,$280.72,35678850,$273.29,$281.11,$270.77,710
04/22/2022,$274.03,29405800,$281.68,$283.20,$273.38,711
04/21/2022,$280.81,29454590,$288.58,$293.30,$280.06,712
04/20/2022,$286.36,22906670,$289.40,$289.70,$285.37,713
04/19/2022,$285.30,22297720,$279.38,$286.17,$278.41,714
04/18/2022,$280.52,20778000,$278.91,$282.46,$278.34,715
04/14/2022,$279.83,28221610,$288.09,$288.31,$279.32,716
04/13/2022,$287.62,21907180,$282.73,$288.58,$281.30,717
04/12/2022,$282.06,30966720,$289.24,$290.74,$280.49,718
04/11/2022,$285.26,34569260,$291.79,$292.61,$285.00,719
04/08/2022,$296.97,24361920,$300.44,$301.12,$296.28,720
04/07/2022,$301.37,31411160,$296.66,$303.65,$296.35,721
04/06/2022,$299.50,40110370,$305.19,$307.00,$296.71,722
04/05/2022,$310.88,23156720,$313.27,$314.87,$309.87,723
04/04/2022,$314.97,24335870,$310.09,$315.11,$309.71,724
04/01/2022,$309.42,27110530,$309.37,$310.13,$305.54,725
03/31/2022,$308.31,33422070,$313.90,$315.14,$307.89,726
03/30/2022,$313.86,28163560,$313.76,$315.95,$311.58,727
03/29/2022,$315.41,30393400,$313.91,$315.82,$309.05,728
03/28/2022,$310.70,29578190,$304.33,$310.80,$304.33,729
03/25/2022,$303.68,22566450,$305.23,$305.50,$299.29,730
03/24/2022,$304.10,24484460,$299.14,$304.20,$298.32,731
03/23/2022,$299.49,25715380,$300.51,$303.23,$297.72,732
03/22/2022,$304.06,27599690,$299.80,$305.00,$298.77,733
03/21/2022,$299.16,28351250,$298.89,$300.14,$294.90,734
03/18/2022,$300.43,43390630,$295.37,$301.00,$292.73,735
03/17/2022,$295.22,30816630,$293.29,$295.61,$289.37,736
03/16/2022,$294.39,37826330,$289.11,$294.57,$283.20,737
03/15/2022,$287.15,34245090,$280.35,$287.82,$278.73,738
03/14/2022,$276.44,30660750,$280.34,$285.40,$275.82,739
03/11/2022,$280.07,27209330,$287.96,$289.51,$279.43,740
03/10/2022,$285.59,30628010,$283.02,$286.60,$280.58,741
03/09/2022,$288.50,35204480,$283.44,$289.60,$280.78,742
03/08/2022,$275.85,48159480,$277.80,$283.96,$270.00,743
03/07/2022,$278.91,43157180,$288.53,$289.69,$278.53,744
03/04/2022,$289.86,32369660,$294.29,$295.66,$287.17,745
03/03/2022,$295.92,27314470,$302.89,$303.13,$294.05,746
03/02/2022,$300.19,31873010,$295.36,$301.47,$293.70,747
03/01/2022,$294.95,31217780,$296.40,$299.97,$292.15,748
02/28/2022,$298.79,34627460,$294.31,$299.14,$293.00,749
02/25/2022,$297.31,32546720,$295.14,$297.63,$291.66,750
02/24/2022,$294.59,56989690,$272.51,$295.16,$271.52,751
02/23/2022,$280.27,37811170,$290.18,$291.70,$280.10,752
02/22/2022,$287.72,41736120,$285.00,$291.54,$284.50,753
02/18/2022,$287.93,34264010,$293.05,$293.86,$286.31,754
02/17/2022,$290.73,32461580,$296.36,$296.80,$290.00,755
02/16/2022,$299.50,29982120,$298.37,$300.87,$293.68,756
02/15/2022,$300.47,27379490,$300.01,$300.80,$297.02,757
02/14/2022,$295.00,36359490,$293.77,$296.76,$291.35,758
02/11/2022,$295.04,39175620,$303.19,$304.29,$294.22,759
02/10/2022,$302.38,45386200,$304.04,$309.12,$300.70,760
02/09/2022,$311.21,31284670,$309.87,$311.93,$307.39,761
02/08/2022,$304.56,32421190,$301.25,$305.56,$299.95,762
02/07/2022,$300.95,28533290,$306.17,$307.84,$299.90,763
02/04/2022,$305.94,35096490,$300.21,$308.80,$299.97,764
02/03/2022,$301.25,43729970,$309.49,$311.23,$299.96,765
02/02/2022,$313.46,36635990,$309.63,$315.12,$308.88,766
02/01/2022,$308.76,40950400,$310.41,$310.63,$305.13,767
01/31/2022,$310.98,46444540,$308.95,$312.38,$306.37,768
01/28/2022,$308.26,49743700,$300.23,$308.48,$294.45,769
01/27/2022,$299.84,53481320,$302.66,$307.30,$297.93,770
01/26/2022,$296.71,90428850,$307.99,$308.50,$293.03,771
01/25/2022,$288.49,72848640,$291.52,$294.99,$285.17,772
01/24/2022,$296.37,86035390,$292.20,$297.11,$276.05,773
01/21/2022,$296.03,57984400,$302.69,$304.11,$295.61,774
01/20/2022,$301.60,35380680,$309.07,$311.65,$301.14,775
01/19/2022,$303.33,45933860,$306.29,$313.91,$302.70,776
01/18/2022,$302.65,42434110,$304.07,$309.80,$301.74,777
01/14/2022,$310.20,39846410,$304.25,$310.82,$303.75,778
01/13/2022,$304.80,45365980,$320.47,$320.88,$304.00,779
01/12/2022,$318.27,34372220,$319.67,$323.41,$317.08,780
01/11/2022,$314.98,29386770,$313.38,$316.61,$309.89,781
01/10/2022,$314.27,44289470,$309.49,$314.72,$304.69,782
01/07/2022,$314.04,32720020,$314.15,$316.50,$310.09,783
01/06/2022,$313.88,39646150,$313.15,$318.70,$311.49,784
01/05/2022,$316.38,40054330,$325.86,$326.07,$315.98,785
01/04/2022,$329.01,32674310,$334.83,$335.20,$326.12,786
01/03/2022,$334.75,28918010,$335.35,$338.00,$329.78,787
12/31/2021,$336.32,18000800,$338.51,$339.36,$335.85,788
12/30/2021,$339.32,15994470,$341.91,$343.13,$338.82,789
12/29/2021,$341.95,15041960,$341.30,$344.30,$339.68,790
12/28/2021,$341.25,15661470,$343.15,$343.81,$340.32,791
12/27/2021,$342.45,19947030,$335.46,$342.48,$335.43,792
12/23/2021,$334.69,19617850,$332.75,$336.39,$332.73,793
12/22/2021,$333.20,24831490,$328.30,$333.61,$325.75,794
12/21/2021,$327.29,24740600,$323.29,$327.73,$319.80,795
12/20/2021,$319.91,28326530,$320.05,$322.80,$317.57,796
12/17/2021,$323.80,47983710,$320.88,$324.92,$317.25,797
12/16/2021,$324.90,35034830,$335.71,$336.76,$323.02,798
12/15/2021,$334.65,35381120,$328.61,$335.19,$324.50,799
12/14/2021,$328.34,44438700,$333.22,$334.64,$324.11,800
12/13/2021,$339.40,28899430,$340.68,$343.79,$339.08,801
12/10/2021,$342.54,38095690,$334.98,$343.00,$334.79,802
12/09/2021,$333.10,22214160,$334.41,$336.49,$332.12,803
12/08/2021,$334.97,24760990,$335.31,$335.50,$330.80,804
12/07/2021,$334.92,31021940,$331.64,$335.80,$330.10,805
12/06/2021,$326.19,30032560,$323.95,$327.45,$319.23,806
12/03/2021,$323.01,41779280,$331.99,$332.70,$318.03,807
12/02/2021,$329.49,30765980,$330.30,$333.49,$327.80,808
12/01/2021,$330.08,33401150,$335.13,$339.28,$329.39,809
11/30/2021,$330.59,42885610,$335.32,$337.78,$328.99,810
11/29/2021,$336.63,28563480,$334.94,$339.03,$334.74,811
11/26/2021,$329.68,24217240,$334.35,$337.93,$328.12,812
11/24/2021,$337.91,21661310,$336.28,$338.16,$333.91,813
11/23/2021,$337.68,30427560,$337.05,$339.45,$333.56,814
11/22/2021,$339.83,31031110,$344.62,$349.67,$339.55,815
11/19/2021,$343.11,21963400,$342.64,$345.10,$342.20,816
11/18/2021,$341.27,22463530,$338.18,$342.45,$337.12,817
11/17/2021,$339.12,19053380,$338.94,$342.19,$338.00,818
11/16/2021,$339.51,20886830,$335.68,$340.67,$335.51,819
11/15/2021,$336.07,16723010,$337.54,$337.88,$334.03,820
11/12/2021,$336.72,23831050,$333.92,$337.23,$333.79,821
11/11/2021,$332.43,16849840,$331.25,$333.77,$330.51,822
11/10/2021,$330.80,25500940,$334.57,$334.63,$329.92,823
11/09/2021,$335.95,21307370,$337.11,$338.72,$334.53,824
11/08/2021,$336.99,20897000,$337.30,$337.65,$334.44,825
11/05/2021,$336.06,22570100,$338.51,$338.79,$334.42,826
11/04/2021,$336.44,23992200,$332.89,$336.54,$329.51,827
11/03/2021,$334.00,21500080,$333.90,$334.90,$330.65,828
11/02/2021,$333.13,26487110,$330.31,$333.45,$330.00,829
11/01/2021,$329.37,27073180,$331.36,$331.49,$326.37,830
10/29/2021,$331.62,34765980,$324.13,$332.00,$323.90,831
10/28/2021,$324.35,26297940,$324.33,$324.87,$321.36,832
10/27/2021,$323.17,52588690,$316.00,$326.10,$316.00,833
10/26/2021,$310.11,28107350,$311.00,$312.40,$308.60,834
10/25/2021,$308.13,17554470,$309.36,$309.40,$306.46,835
10/22/2021,$309.16,17449330,$310.40,$311.09,$307.80,836
10/21/2021,$310.76,16918100,$307.17,$311.02,$306.36,837
10/20/2021,$307.41,16537070,$309.21,$309.70,$306.11,838
10/19/2021,$308.23,17682140,$308.35,$309.30,$307.22,839
10/18/2021,$307.29,22729300,$303.57,$308.21,$302.69,840
10/15/2021,$304.21,25384800,$302.34,$304.45,$300.52,841
10/14/2021,$302.75,27262900,$299.21,$303.27,$297.83,842
10/13/2021,$296.31,23424030,$294.91,$297.28,$293.49,843
10/12/2021,$292.88,17974140,$295.34,$295.44,$292.35,844
10/11/2021,$294.23,19298630,$292.92,$297.97,$292.75,845
10/08/2021,$294.85,17685700,$296.22,$296.64,$293.76,846
10/07/2021,$294.85,20430470,$295.18,$296.64,$293.92,847
10/06/2021,$293.11,28002560,$285.78,$293.63,$285.51,848
10/05/2021,$288.76,24993020,$284.05,$290.40,$284.05,849
10/04/2021,$283.11,31350750,$287.40,$287.75,$280.25,850
10/01/2021,$289.10,30086280,$282.12,$289.98,$281.29,851
09/30/2021,$281.92,32343640,$285.71,$287.83,$281.62,852
09/29/2021,$284.00,26353700,$285.10,$286.77,$283.01,853
09/28/2021,$283.52,43186240,$289.80,$290.78,$282.75,854
09/27/2021,$294.17,23571740,$296.14,$296.47,$292.94,855
09/24/2021,$299.35,14998980,$298.23,$299.80,$296.93,856
09/23/2021,$299.56,18604600,$298.85,$300.90,$297.53,857
09/22/2021,$298.58,26626340,$296.73,$300.22,$294.51,858
09/21/2021,$294.80,22364100,$295.69,$297.54,$294.07,859
09/20/2021,$294.30,38278660,$296.33,$298.72,$289.52,860
09/17/2021,$299.87,41372460,$304.17,$304.50,$299.53,861
09/16/2021,$305.22,19550820,$303.76,$305.31,$300.76,862
09/15/2021,$304.82,28356300,$303.26,$305.32,$301.82,863
09/14/2021,$299.79,21853430,$299.56,$301.39,$298.10,864
09/13/2021,$296.99,23652950,$297.55,$298.54,$294.08,865
09/10/2021,$295.71,19633360,$298.42,$299.92,$295.38,866
09/09/2021,$297.25,19927000,$300.82,$302.14,$297.00,867
09/08/2021,$300.21,15046820,$299.78,$300.61,$297.47,868
09/07/2021,$300.18,17184080,$301.01,$301.09,$298.20,869
09/03/2021,$301.14,14751610,$300.99,$302.60,$300.26,870
09/02/2021,$301.15,16290550,$302.20,$303.36,$300.18,871
09/01/2021,$301.83,18983830,$302.87,$305.19,$301.49,872
08/31/2021,$301.88,26285340,$304.42,$304.50,$301.50,873
08/30/2021,$303.59,16348070,$301.12,$304.22,$301.06,874
08/27/2021,$299.72,22605730,$298.99,$300.87,$296.83,875
08/26/2021,$299.09,17666080,$300.99,$302.43,$298.95,876
08/25/2021,$302.01,20006060,$304.30,$304.59,$300.42,877
08/24/2021,$302.62,18175770,$305.02,$305.65,$302.00,878
08/23/2021,$304.65,22830160,$303.25,$305.40,$301.85,879
08/20/2021,$304.36,40817650,$299.72,$305.84,$298.06,880
08/19/2021,$296.77,29850460,$288.69,$297.47,$288.64,881
08/18/2021,$290.73,21812990,$292.04,$294.82,$290.27,882
08/17/2021,$293.08,20075250,$292.39,$293.43,$291.08,883
08/16/2021,$294.60,22516030,$293.19,$294.82,$290.02,884
08/13/2021,$292.85,18249050,$289.48,$292.90,$289.30,885
08/12/2021,$289.81,14570390,$286.63,$289.97,$286.34,886
08/11/2021,$286.95,13955930,$287.21,$288.66,$285.86,887
08/10/2021,$286.44,18616580,$288.80,$289.25,$285.20,888
08/09/2021,$288.33,16117630,$289.75,$291.55,$287.81,889
08/06/2021,$289.46,16589340,$288.51,$289.50,$287.62,890
08/05/2021,$289.52,13900170,$286.88,$289.63,$286.10,891
08/04/2021,$286.51,16191300,$286.22,$287.59,$284.65,892
08/03/2021,$287.12,17879050,$285.42,$287.23,$284.00,893
08/02/2021,$284.82,16267360,$286.36,$286.78,$283.74,894
07/30/2021,$284.91,20944850,$285.17,$286.66,$283.91,895
07/29/2021,$286.50,18168290,$286.24,$288.62,$286.08,896
07/28/2021,$286.22,33566850,$288.99,$290.15,$283.83,897
07/27/2021,$286.54,33604070,$289.43,$289.58,$282.95,898
07/26/2021,$289.05,23176070,$289.00,$289.69,$286.64,899
07/23/2021,$289.67,22768070,$287.37,$289.99,$286.50,900
07/22/2021,$286.14,23384060,$283.84,$286.42,$283.42,901
07/21/2021,$281.40,24364320,$278.91,$281.52,$277.29,902
07/20/2021,$279.32,26259740,$278.03,$280.97,$276.26,903
07/19/2021,$277.01,32935630,$278.93,$280.37,$274.45,904
07/16/2021,$280.75,26186850,$282.07,$284.10,$279.46,905
07/15/2021,$281.03,22604230,$282.00,$282.51,$279.83,906
07/14/2021,$282.51,23113660,$282.35,$283.66,$280.55,907
07/13/2021,$280.98,26120130,$277.52,$282.85,$277.39,908
07/12/2021,$277.32,18931700,$279.16,$279.77,$276.58,909
07/09/2021,$277.94,23916670,$275.72,$278.05,$275.32,910
07/08/2021,$277.42,24618590,$276.90,$278.73,$274.87,911
07/07/2021,$279.93,23260030,$279.40,$280.69,$277.15,912
07/06/2021,$277.66,31565560,$278.03,$279.37,$274.30,913
07/02/2021,$277.65,26474410,$272.82,$278.00,$272.50,914
07/01/2021,$271.60,16725320,$269.61,$271.84,$269.60,915
06/30/2021,$270.90,21656460,$270.69,$271.36,$269.60,916
06/29/2021,$271.40,19937810,$268.87,$271.65,$267.98,917
06/28/2021,$268.72,19590020,$266.19,$268.90,$265.91,918
06/25/2021,$265.02,25611110,$266.23,$267.25,$264.76,919
06/24/2021,$266.69,21446870,$266.16,$267.85,$265.47,920
06/23/2021,$265.28,19518680,$265.99,$266.83,$264.43,921
06/22/2021,$265.51,24694090,$262.72,$265.79,$262.40,922
06/21/2021,$262.63,26696120,$259.82,$263.52,$257.92,923
06/18/2021,$259.43,37202220,$259.63,$262.30,$258.75,924
06/17/2021,$260.90,27565540,$256.07,$261.75,$256.01,925
06/16/2021,$257.38,27219960,$259.40,$260.58,$254.42,926
06/15/2021,$258.36,18038930,$259.78,$259.99,$257.68,927
06/14/2021,$259.89,19150510,$257.90,$259.95,$256.80,928
06/11/2021,$257.89,18999730,$257.99,$258.49,$256.61,929
06/10/2021,$257.24,24563620,$254.29,$257.46,$253.67,930
06/09/2021,$253.59,17937630,$253.81,$255.53,$253.21,931
06/08/2021,$252.57,22455000,$255.16,$256.01,$252.51,932
06/07/2021,$253.81,23079170,$249.98,$254.09,$249.81,933
06/04/2021,$250.79,25281090,$247.76,$251.65,$247.51,934
06/03/2021,$245.71,25307710,$245.22,$246.34,$243.00,935
06/02/2021,$247.30,19406710,$248.13,$249.27,$245.84,936
06/01/2021,$247.40,23213310,$251.23,$251.29,$246.96,937
05/28/2021,$249.68,18274940,$251.00,$252.08,$249.56,938
05/27/2021,$249.31,24426240,$251.17,$251.48,$249.25,939
05/26/2021,$251.49,17771600,$251.43,$252.94,$250.75,940
05/25/2021,$251.72,17704300,$251.77,$252.75,$250.82,941
05/24/2021,$250.78,21411550,$247.79,$251.16,$247.51,942
05/21/2021,$245.17,21863060,$247.57,$248.33,$244.74,943
05/20/2021,$246.48,21800720,$243.96,$247.95,$243.86,944
05/19/2021,$243.12,25739810,$239.31,$243.23,$238.60,945
05/18/2021,$243.08,20167980,$246.27,$246.41,$242.90,946
05/17/2021,$245.18,24938180,$246.55,$246.59,$243.52,947
05/14/2021,$248.15,23901080,$245.58,$249.18,$245.49,948
05/13/2021,$243.03,29624300,$241.80,$245.60,$241.42,949
05/12/2021,$239.00,36684370,$242.17,$244.38,$238.07,950
05/11/2021,$246.23,33641590,$244.55,$246.60,$242.57,951
05/10/2021,$247.18,29299890,$250.87,$251.73,$247.12,952
05/07/2021,$252.46,27032910,$252.15,$254.30,$251.17,953
05/06/2021,$249.73,26491090,$246.45,$249.86,$244.69,954
05/05/2021,$246.47,21901330,$249.06,$249.50,$245.82,955
05/04/2021,$247.79,32756050,$250.97,$251.21,$245.76,956
05/03/2021,$251.86,19626570,$253.40,$254.35,$251.12,957
04/30/2021,$252.18,30945100,$249.74,$253.08,$249.60,958
04/29/2021,$252.51,40589020,$255.46,$256.10,$249.00,959
04/28/2021,$254.56,46903120,$256.08,$256.54,$252.95,960
04/27/2021,$261.97,31014210,$261.59,$263.19,$260.12,961
04/26/2021,$261.55,19763350,$261.66,$262.44,$260.17,962
04/23/2021,$261.15,21499290,$257.88,$261.51,$257.27,963
04/22/2021,$257.17,25606150,$260.21,$261.78,$255.64,964
04/21/2021,$260.58,24030380,$258.94,$260.68,$257.25,965
04/20/2021,$258.26,19722880,$257.82,$260.20,$256.84,966
04/19/2021,$258.74,23209260,$260.19,$261.48,$257.82,967
04/16/2021,$260.74,24878580,$259.47,$261.00,$257.60,968
04/15/2021,$259.50,25627480,$257.93,$259.93,$257.73,969
04/14/2021,$255.59,23070940,$257.48,$258.83,$255.16,970
04/13/2021,$258.49,23837470,$257.26,$259.19,$256.83,971
04/12/2021,$255.91,27148670,$254.71,$257.67,$254.62,972
04/09/2021,$255.85,24326830,$252.87,$255.99,$252.44,973
04/08/2021,$253.25,23625200,$252.77,$254.14,$252.00,974
04/07/2021,$249.90,22719840,$247.81,$250.93,$247.19,975
04/06/2021,$247.86,22931920,$247.61,$249.40,$246.88,976
04/05/2021,$249.07,36910610,$242.76,$249.96,$242.70,977
04/01/2021,$242.35,30337980,$238.47,$242.84,$238.05,978
03/31/2021,$235.77,43623470,$232.91,$239.10,$232.39,979
03/30/2021,$231.85,24792010,$233.53,$233.85,$231.10,980
03/29/2021,$235.24,25227460,$236.59,$236.80,$231.88,981
03/26/2021,$236.48,25479850,$231.55,$236.71,$231.55,982
03/25/2021,$232.34,34061850,$235.30,$236.94,$231.57,983
03/24/2021,$235.46,25620130,$237.85,$238.00,$235.32,984
03/23/2021,$237.58,31638380,$237.49,$241.05,$237.07,985
03/22/2021,$235.99,30127010,$230.27,$236.90,$230.14,986
03/19/2021,$230.35,46430730,$231.02,$232.47,$229.35,987
03/18/2021,$230.72,34852250,$232.56,$234.19,$230.33,988
03/17/2021,$237.04,29562100,$236.15,$238.55,$233.23,989
03/16/2021,$237.71,28092200,$236.28,$240.06,$235.94,990
03/15/2021,$234.81,26042670,$234.96,$235.19,$231.81,991
03/12/2021,$235.75,22653660,$234.01,$235.82,$233.23,992
03/11/2021,$237.13,29907590,$234.96,$239.17,$234.31,993
03/10/2021,$232.42,29746810,$237.00,$237.00,$232.04,994
03/09/2021,$233.78,33080530,$232.88,$235.38,$231.67,995
03/08/2021,$227.39,35267440,$231.37,$233.37,$227.13,996
03/05/2021,$231.60,41872770,$229.52,$233.27,$226.46,997
03/04/2021,$226.73,44727790,$226.74,$232.49,$224.26,998
03/03/2021,$227.56,34029530,$232.16,$233.58,$227.26,999
03/02/2021,$233.87,22812460,$237.01,$237.30,$233.45,1000
03/01/2021,$236.94,25332840,$235.90,$237.47,$233.15,1001
02/26/2021,$232.38,37819230,$231.53,$235.37,$229.54,1002
02/25/2021,$228.99,39542240,$232.08,$234.59,$227.88,1003
02/24/2021,$234.55,26339750,$230.01,$235.20,$229.00,1004
02/23/2021,$233.27,30228700,$230.33,$234.83,$228.73,1005
02/22/2021,$234.51,36446940,$237.42,$237.93,$232.40,1006
02/19/2021,$240.97,25262600,$243.75,$243.86,$240.18,1007
02/18/2021,$243.79,16925560,$241.80,$243.93,$240.86,1008
02/17/2021,$244.20,21673110,$241.32,$244.31,$240.94,1009
02/16/2021,$243.70,26728490,$245.03,$246.13,$242.92,1010
02/12/2021,$244.99,16561080,$243.93,$245.30,$242.73,1011
02/11/2021,$244.49,15751060,$244.78,$245.15,$242.15,1012
02/10/2021,$242.82,22186710,$245.00,$245.92,$240.89,1013
02/09/2021,$243.77,23564950,$241.87,$244.76,$241.38,1014
02/08/2021,$242.47,22211930,$243.15,$243.68,$240.81,1015
02/05/2021,$242.20,18054750,$242.23,$243.28,$240.42,1016
02/04/2021,$242.01,25296100,$242.66,$243.24,$240.37,1017
02/03/2021,$243.00,27158100,$239.57,$245.09,$239.26,1018
02/02/2021,$239.51,25916340,$241.30,$242.31,$238.69,1019
02/01/2021,$239.65,33314190,$235.06,$242.50,$232.43,1020
01/29/2021,$231.96,42503140,$235.99,$238.02,$231.35,1021
01/28/2021,$238.93,49111160,$235.61,$242.64,$235.09,1022
01/27/2021,$232.90,69870640,$238.00,$240.44,$230.14,1023
01/26/2021,$232.33,49169600,$231.86,$234.18,$230.08,1024
01/25/2021,$229.53,33152100,$229.12,$229.78,$224.22,1025
01/22/2021,$225.95,30172660,$227.08,$230.07,$225.80,1026
01/21/2021,$224.97,30749550,$224.70,$226.30,$222.42,1027
01/20/2021,$224.34,37777260,$217.70,$225.79,$217.29,1028
01/19/2021,$216.44,30480860,$213.75,$216.98,$212.63,1029
01/15/2021,$212.65,31746510,$213.52,$214.51,$212.03,1030
01/14/2021,$213.02,29346740,$215.91,$217.46,$212.74,1031
01/13/2021,$216.34,20087080,$214.02,$216.76,$213.93,1032
01/12/2021,$214.93,23249340,$216.50,$217.10,$213.32,1033
01/11/2021,$217.49,23047030,$218.47,$218.91,$216.73,1034
01/08/2021,$219.62,22956210,$218.68,$220.58,$217.03,1035
01/07/2021,$218.29,27694480,$214.04,$219.34,$213.71,1036
01/06/2021,$212.25,35930650,$212.17,$216.49,$211.94,1037
01/05/2021,$217.90,23822950,$217.26,$218.52,$215.70,1038
01/04/2021,$217.69,37130140,$222.53,$223.00,$214.81,1039
12/31/2020,$222.42,20942130,$221.70,$223.00,$219.68,1040
12/30/2020,$221.68,20272340,$225.23,$225.63,$221.47,1041
12/29/2020,$224.15,17403210,$226.31,$227.18,$223.58,1042
12/28/2020,$224.96,17933500,$224.45,$226.03,$223.02,1043
12/24/2020,$222.75,10550570,$221.42,$223.61,$221.20,1044
12/23/2020,$221.02,18699640,$223.11,$223.56,$220.80,1045
12/22/2020,$223.94,22643400,$222.69,$225.63,$221.85,1046
12/21/2020,$222.59,37181890,$217.55,$224.00,$217.28,1047
12/18/2020,$218.59,63354920,$218.59,$219.69,$216.02,1048
12/17/2020,$219.42,32515780,$219.87,$220.89,$217.92,1049
12/16/2020,$219.28,35023250,$214.75,$220.11,$214.72,1050
12/15/2020,$214.13,27018110,$215.17,$215.42,$212.24,1051
12/14/2020,$214.20,28798380,$213.10,$216.21,$212.88,1052
12/11/2020,$213.26,30979440,$210.05,$213.32,$209.11,1053
12/10/2020,$210.52,26467020,$211.77,$213.08,$210.36,1054
12/09/2020,$211.80,32440600,$215.16,$215.23,$211.21,1055
12/08/2020,$216.01,23284090,$213.97,$216.95,$212.89,1056
12/07/2020,$214.29,24620000,$214.37,$215.54,$212.99,1057
12/04/2020,$214.36,24666040,$214.22,$215.38,$213.18,1058
12/03/2020,$214.24,25120920,$214.61,$216.38,$213.65,1059
12/02/2020,$215.37,23724510,$214.88,$215.47,$212.80,1060
12/01/2020,$216.21,30931320,$214.51,$217.32,$213.35,1061
11/30/2020,$214.07,33064750,$214.10,$214.76,$210.84,1062
11/27/2020,$215.23,14512210,$214.85,$216.27,$214.04,1063
11/25/2020,$213.87,21012890,$215.11,$215.29,$212.46,1064
11/24/2020,$213.86,33979730,$209.59,$214.25,$208.86,1065
11/23/2020,$210.11,25683510,$210.95,$212.29,$208.16,1066
11/20/2020,$210.39,22843120,$212.20,$213.29,$210.00,1067
11/19/2020,$212.42,24792750,$211.38,$213.03,$209.93,1068
11/18/2020,$211.08,28372790,$213.65,$215.17,$210.93,1069
11/17/2020,$214.46,24154110,$216.10,$217.68,$214.08,1070
11/16/2020,$217.23,24953340,$214.87,$217.74,$214.52,1071
11/13/2020,$216.51,18630310,$216.36,$217.42,$214.16,1072
11/12/2020,$215.44,21616120,$217.21,$219.11,$214.46,1073
11/11/2020,$216.55,29440790,$212.39,$218.04,$212.20,1074
11/10/2020,$211.01,44045120,$214.50,$216.50,$209.72,1075
11/09/2020,$218.39,44394950,$224.44,$228.12,$217.88,1076
11/06/2020,$223.72,25231900,$222.26,$224.36,$218.03,1077
11/05/2020,$223.29,36080140,$222.04,$224.12,$221.15,1078
11/04/2020,$216.39,42311780,$214.02,$218.32,$212.42,1079
11/03/2020,$206.43,27512030,$203.89,$208.12,$203.12,1080
11/02/2020,$202.33,30842160,$204.29,$205.28,$200.12,1081
10/30/2020,$202.47,36980110,$203.50,$204.29,$199.62,1082
10/29/2020,$204.72,31432560,$204.07,$207.36,$203.37,1083
10/28/2020,$202.68,51195590,$207.67,$208.84,$202.10,1084
10/27/2020,$213.25,36700330,$211.59,$214.67,$210.33,1085
10/26/2020,$210.08,37111560,$213.85,$216.34,$208.10,1086
10/23/2020,$216.23,18879610,$215.03,$216.28,$213.16,1087
10/22/2020,$214.89,22351450,$213.93,$216.06,$211.70,1088
10/21/2020,$214.80,22724910,$213.12,$216.92,$213.12,1089
10/20/2020,$214.65,22753510,$215.80,$217.37,$213.09,1090
10/19/2020,$214.22,27625840,$220.42,$222.30,$213.72,1091
10/16/2020,$219.66,26057880,$220.15,$222.29,$219.32,1092
10/15/2020,$219.66,22733060,$217.10,$220.36,$216.01,1093
10/14/2020,$220.86,23451710,$223.00,$224.22,$219.13,1094
10/13/2020,$222.86,28950840,$222.72,$225.21,$220.43,1095
10/12/2020,$221.40,40461370,$218.79,$223.86,$216.81,1096
10/09/2020,$215.81,26458050,$211.23,$215.86,$211.23,1097
10/08/2020,$210.58,19925840,$210.51,$211.19,$208.32,1098
10/07/2020,$209.83,25681050,$207.06,$210.11,$206.72,1099
10/06/2020,$205.91,28554260,$208.82,$210.18,$204.82,1100
10/05/2020,$210.38,21331560,$207.22,$210.41,$206.98,1101
10/02/2020,$206.19,33154780,$208.00,$210.99,$205.54,1102
10/01/2020,$212.46,27158420,$213.49,$213.99,$211.32,1103
09/30/2020,$210.33,33829090,$207.73,$211.98,$206.54,1104
09/29/2020,$207.26,24464470,$209.35,$210.07,$206.81,1105
09/28/2020,$209.44,32004940,$210.88,$212.57,$208.06,1106
09/25/2020,$207.82,29437310,$203.55,$209.04,$202.54,1107
09/24/2020,$203.19,31202490,$199.85,$205.57,$199.20,1108
09/23/2020,$200.59,30803780,$207.90,$208.10,$200.03,1109
09/22/2020,$207.42,33517070,$205.06,$208.10,$202.08,1110
09/21/2020,$202.54,39839660,$197.19,$202.71,$196.38,1111
09/18/2020,$200.39,55225330,$202.80,$203.65,$196.25,1112
09/17/2020,$202.91,34011260,$200.05,$204.33,$199.96,1113
09/16/2020,$205.05,26372460,$210.62,$210.65,$204.64,1114
09/15/2020,$208.78,21823940,$208.42,$209.78,$206.93,1115
09/14/2020,$205.41,30375770,$204.24,$209.20,$204.03,1116
09/11/2020,$204.03,33620070,$207.20,$208.63,$201.24,1117
09/10/2020,$205.37,35461510,$213.40,$214.74,$204.11,1118
09/09/2020,$211.29,45678990,$207.60,$214.84,$206.70,1119
09/08/2020,$202.66,52924330,$206.50,$210.03,$202.20,1120
09/04/2020,$214.25,59664070,$215.10,$218.36,$205.19,1121
09/03/2020,$217.30,58400290,$229.27,$229.31,$214.96,1122
09/02/2020,$231.65,34080840,$227.97,$232.86,$227.35,1123
09/01/2020,$227.27,25791240,$225.51,$227.45,$224.43,1124
08/31/2020,$225.53,28774160,$227.00,$228.70,$224.31,1125
08/28/2020,$228.91,26292900,$228.18,$230.64,$226.58,1126
08/27/2020,$226.58,57602200,$222.89,$231.15,$219.40,1127
08/26/2020,$221.15,39600830,$217.88,$222.09,$217.36,1128
08/25/2020,$216.47,23043700,$213.10,$216.61,$213.10,1129
08/24/2020,$213.69,25460150,$214.79,$215.52,$212.43,1130
08/21/2020,$213.02,36249320,$213.86,$216.25,$212.85,1131
08/20/2020,$214.58,26981480,$209.54,$215.00,$208.91,1132
08/19/2020,$209.70,27627560,$211.49,$212.10,$209.25,1133
08/18/2020,$211.49,21336170,$210.53,$212.36,$209.21,1134
08/17/2020,$210.28,20184760,$209.60,$211.19,$208.92,1135
08/14/2020,$208.90,17958940,$208.76,$209.59,$207.51,1136
08/13/2020,$208.70,22588870,$209.44,$211.35,$208.15,1137
08/12/2020,$209.19,28041360,$205.29,$210.28,$204.75,1138
08/11/2020,$203.38,36446460,$207.16,$207.65,$203.14,1139
08/10/2020,$208.25,36716460,$211.67,$211.88,$206.35,1140
08/07/2020,$212.48,27820420,$214.85,$215.70,$210.93,1141
08/06/2020,$216.35,32656840,$212.34,$216.37,$211.55,1142
08/05/2020,$212.94,28858620,$214.90,$215.00,$211.57,1143
08/04/2020,$213.29,49280060,$214.17,$214.77,$210.31,1144
08/03/2020,$216.54,78983010,$211.52,$217.64,$210.44,1145
07/31/2020,$205.01,51247970,$204.40,$205.10,$199.01,1146
07/30/2020,$203.90,25079600,$201.00,$204.46,$199.57,1147
07/29/2020,$204.06,19632600,$202.50,$204.65,$202.01,1148
07/28/2020,$202.02,23251390,$203.61,$204.70,$201.74,1149
07/27/2020,$203.85,30160870,$201.47,$203.97,$200.86,1150
07/24/2020,$201.30,39826990,$200.42,$202.86,$197.51,1151
07/23/2020,$202.54,67457040,$207.19,$210.92,$202.15,1152
07/22/2020,$211.75,49605690,$209.20,$212.30,$208.39,1153
07/21/2020,$208.75,38105780,$213.66,$213.94,$208.03,1154
07/20/2020,$211.60,36884840,$205.00,$212.30,$203.01,1155
07/17/2020,$202.88,31635280,$204.47,$205.04,$201.39,1156
07/16/2020,$203.92,29940650,$205.40,$205.70,$202.31,1157
07/15/2020,$208.04,32179410,$209.56,$211.33,$205.03,1158
07/14/2020,$208.35,37591820,$206.13,$208.85,$202.03,1159
07/13/2020,$207.07,38135610,$214.48,$215.80,$206.50,1160
07/10/2020,$213.67,26177630,$213.62,$214.08,$211.08,1161
07/09/2020,$214.32,33121680,$216.33,$216.38,$211.47,1162
07/08/2020,$212.83,33600030,$210.07,$213.26,$208.69,1163
07/07/2020,$208.25,33600730,$210.45,$214.67,$207.99,1164
07/06/2020,$210.70,31897630,$208.83,$211.13,$208.09,1165
07/02/2020,$206.26,29315760,$205.68,$208.02,$205.00,1166
07/01/2020,$204.70,32061210,$203.14,$206.35,$201.77,1167
06/30/2020,$203.51,34310280,$197.88,$204.40,$197.74,1168
06/29/2020,$198.44,26701590,$195.78,$198.53,$193.55,1169
06/26/2020,$196.33,54675780,$199.73,$199.89,$194.88,1170
06/25/2020,$200.34,27803930,$197.80,$200.61,$195.47,1171
06/24/2020,$197.84,36740650,$201.60,$203.25,$196.56,1172
06/23/2020,$201.91,30917450,$202.09,$203.95,$201.43,1173
06/22/2020,$200.57,32818930,$195.79,$200.76,$195.23,1174
06/19/2020,$195.15,44441140,$198.59,$199.29,$194.37,1175
06/18/2020,$196.32,23061650,$194.00,$196.49,$194.00,1176
06/17/2020,$194.24,25687820,$195.03,$196.32,$193.69,1177
06/16/2020,$193.57,42556660,$192.89,$195.58,$191.46,1178
06/15/2020,$188.94,32770190,$184.58,$190.82,$184.01,1179
06/12/2020,$187.74,43373590,$190.54,$191.72,$185.18,1180
06/11/2020,$186.27,52854670,$193.13,$195.76,$186.07,1181
06/10/2020,$196.84,43872330,$191.13,$198.52,$191.01,1182
06/09/2020,$189.80,29783920,$188.00,$190.70,$187.26,1183
06/08/2020,$188.36,33211590,$185.94,$188.55,$184.44,1184
06/05/2020,$187.20,39893640,$182.62,$187.73,$182.01,1185
06/04/2020,$182.92,28761810,$184.30,$185.84,$182.30,1186
06/03/2020,$185.36,27311020,$184.82,$185.94,$183.58,1187
06/02/2020,$184.91,30794590,$184.25,$185.00,$181.35,1188
06/01/2020,$182.83,22668820,$182.54,$183.00,$181.46,1189
05/29/2020,$183.25,42146720,$182.73,$184.27,$180.41,1190
05/28/2020,$181.40,33831820,$180.74,$184.15,$180.38,1191
05/27/2020,$181.81,39517150,$180.20,$181.99,$176.60,1192
05/26/2020,$181.57,36073610,$186.34,$186.50,$181.10,1193
05/22/2020,$183.51,20826900,$183.19,$184.46,$182.54,1194
05/21/2020,$183.43,29119510,$185.40,$186.67,$183.29,1195
05/20/2020,$185.66,31261330,$184.81,$185.85,$183.94,1196
05/19/2020,$183.63,26799120,$185.03,$186.60,$183.49,1197
05/18/2020,$184.91,35306620,$185.75,$186.20,$183.96,1198
05/15/2020,$183.16,46610380,$179.06,$187.06,$177.00,1199
05/14/2020,$180.53,41873910,$177.54,$180.69,$175.68,1200
05/13/2020,$179.75,44711490,$182.55,$184.05,$176.54,1201
05/12/2020,$182.51,32038200,$186.80,$187.04,$182.30,1202
05/11/2020,$186.74,30892660,$183.15,$187.51,$182.85,1203
05/08/2020,$184.68,30912640,$184.98,$185.00,$183.36,1204
05/07/2020,$183.60,28315990,$184.17,$184.55,$182.58,1205
05/06/2020,$182.54,32139300,$182.08,$184.20,$181.63,1206
05/05/2020,$180.76,36839170,$180.62,$183.65,$179.90,1207
05/04/2020,$178.84,30372860,$174.49,$179.00,$173.80,1208
05/01/2020,$174.57,39370470,$175.80,$178.64,$174.01,1209
04/30/2020,$179.21,53875860,$180.00,$180.40,$176.23,1210
04/29/2020,$177.43,51286560,$173.22,$177.68,$171.88,1211
04/28/2020,$169.81,34392690,$175.59,$175.67,$169.39,1212
04/27/2020,$174.05,33194380,$176.59,$176.90,$173.30,1213
04/24/2020,$174.55,34305320,$172.06,$174.56,$170.71,1214
04/23/2020,$171.42,32790800,$174.11,$175.06,$170.91,1215
04/22/2020,$173.52,34651600,$171.39,$174.00,$170.82,1216
04/21/2020,$167.82,56203750,$173.50,$173.67,$166.11,1217
04/20/2020,$175.06,36669560,$176.63,$178.75,$174.99,1218
04/17/2020,$178.60,52765630,$179.50,$180.00,$175.87,1219
04/16/2020,$177.04,50479610,$174.30,$177.28,$172.90,1220
04/15/2020,$171.88,40940830,$171.20,$173.57,$169.24,1221
04/14/2020,$173.70,52874340,$169.00,$173.75,$168.00,1222
04/13/2020,$165.51,41905260,$164.35,$165.57,$162.30,1223
04/09/2020,$165.14,51431780,$166.36,$167.37,$163.33,1224
04/08/2020,$165.13,48318230,$165.67,$166.67,$163.50,1225
04/07/2020,$163.49,62769040,$169.59,$170.00,$163.26,1226
04/06/2020,$165.27,67111700,$160.32,$166.50,$157.58,1227
04/03/2020,$153.83,41243280,$155.10,$157.38,$152.19,1228
04/02/2020,$155.26,49630740,$151.86,$155.48,$150.36,1229
04/01/2020,$152.11,57969930,$153.00,$157.75,$150.82,1230
03/31/2020,$157.71,77927190,$159.40,$164.78,$156.56,1231
03/30/2020,$160.23,63420330,$152.44,$160.60,$150.01,1232
03/27/2020,$149.70,57042290,$151.75,$154.89,$149.20,1233
03/26/2020,$156.11,64694430,$148.40,$156.66,$148.37,1234
03/25/2020,$146.92,75638220,$148.91,$154.33,$144.44,1235
03/24/2020,$148.34,82516730,$143.75,$149.60,$141.27,1236
03/23/2020,$135.98,78975180,$137.01,$140.57,$132.52,1237
03/20/2020,$137.35,84866220,$146.00,$147.10,$135.86,1238
03/19/2020,$142.71,85922660,$142.77,$150.15,$139.00,1239
03/18/2020,$140.40,81593170,$138.00,$146.00,$135.02,1240
03/17/2020,$146.57,81059820,$140.00,$147.50,$135.00,1241
03/16/2020,$135.42,87905870,$140.00,$149.35,$135.00,1242
03/13/2020,$158.83,92727450,$147.50,$161.91,$140.73,1243
03/12/2020,$139.06,93226370,$145.30,$153.47,$138.58,1244
03/11/2020,$153.63,56504300,$157.13,$157.70,$151.15,1245
03/10/2020,$160.92,65354390,$158.16,$161.03,$152.58,1246
03/09/2020,$150.62,70419270,$151.00,$157.75,$150.00,1247
03/06/2020,$161.57,72821060,$162.61,$163.11,$156.00,1248
03/05/2020,$166.27,47817250,$166.05,$170.87,$165.69,1249
03/04/2020,$170.55,49814380,$168.49,$170.70,$165.62,1250
03/03/2020,$164.51,71677020,$173.80,$175.00,$162.26,1251
03/02/2020,$172.79,71030810,$165.31,$172.92,$162.31,1252
02/28/2020,$162.01,97073560,$152.41,$163.71,$152.00,1253
02/27/2020,$158.18,93174910,$163.32,$167.03,$157.98,1254
02/26/2020,$170.17,56387150,$169.71,$173.26,$168.21,1255
02/25/2020,$168.07,68073300,$174.20,$174.84,$167.65,1256
02/24/2020,$170.89,68311070,$167.77,$174.55,$163.23,1257